Branch,City,Customer type,Gender,Product line,Unit price,Quantity,Total,Payment,Rating
0,2,0,0,3,0.7181601426065471,0.5099302037590051,0.919606848879847,2,1.238443414813962
2,1,1,0,0,-1.5253031933114591,-0.1745398684007332,-0.9877295584981625,0,1.5295268103890953
0,2,1,1,4,-0.3527811165524271,0.5099302037590051,0.07144605414678158,1,0.24875986985850929
0,2,0,1,3,0.0962136497169736,0.8521652398388743,0.6757798462835541,2,0.8309266610087758
0,2,1,1,5,1.1569590647302173,0.5099302037590051,1.2671254819827462,2,-0.9737903915570507
2,1,1,1,0,1.1222176698632829,0.5099302037590051,1.2396110979505028,2,-1.6723905409373707
0,2,0,0,0,0.4972501861157152,0.16769516767913598,0.450537870168668,2,-0.6827069959819174
2,1,1,0,4,0.675488646737378,1.5366353119986127,1.828649626914072,2,0.598059944548669
0,2,0,0,3,-0.7330483408024578,-1.2012449766403408,-1.0043065476356008,1,0.13232651162845588
1,0,0,0,2,-0.03142321403328479,-0.8590099405604715,-0.6112439186035536,1,-0.6244903168668905
1,0,0,0,1,-1.5555131018914021,-0.5167749044806024,-1.0666838778950347,2,-1.439523824477264
1,0,0,1,0,-1.1389939873454398,-0.5167749044806024,-0.8781847127548832,0,-0.10054020483165095
0,2,1,0,0,-0.3293684374029712,-0.1745398684007332,-0.3111918703761549,2,0.07410983251342891
0,2,1,1,2,-0.4713550077287028,1.5366353119986127,0.5311157091202376,2,0.7144933027787219
0,2,1,0,3,0.5931666458570335,1.5366353119986127,1.735510873513,0,-0.7409236750969439
1,0,0,0,5,1.4367783429519378,0.16769516767913598,1.0883247099719726,0,-1.439523824477264
0,2,0,0,3,0.5006488008309589,0.5099302037590051,0.7473428792866714,1,-1.3813071453622374
0,2,1,1,5,0.6396143802986958,0.16769516767913598,0.5471800078719822,1,-0.04232352571662398
0,2,1,1,2,-0.03784281960652271,-0.8590099405604715,-0.6134228527427531,1,0.9473600192388287
1,0,1,0,4,-0.5804883024737464,-1.2012449766403408,-0.9697853949988733,2,-1.4977405035922904
2,1,0,1,0,1.1467632205844867,-0.1745398684007332,0.5238525953229063,2,-1.264873787132184
1,0,1,1,3,1.220022248890848,-0.8590099405604715,-0.18647993405609561,2,-1.0902237497871041
1,0,1,1,4,-0.8486012411207391,-1.2012449766403408,-1.0304537573059938,1,-1.4977405035922904
0,2,1,1,0,-0.7972443965348363,-0.1745398684007332,-0.5758682819906694,2,1.7041768477341757
0,2,0,1,5,1.2445677996120512,-0.8590099405604715,-0.1781487152885685,2,-0.566273637751864
0,2,0,0,4,-0.11638858191437407,0.8521652398388743,0.48335005485308224,1,0.8891433401238023
1,0,1,1,1,-0.8365172776887619,-1.54348001272021,-1.1709309229861429,0,-0.1587568839466774
0,2,1,0,1,1.20831590931612,-1.2012449766403408,-0.5650163354934803,1,0.4234099072035891
1,0,1,0,2,1.2343719554663206,-0.1745398684007332,0.5734126659399905,0,1.5295268103890953
0,2,1,1,3,-1.1624066664948955,1.1944002759187435,-0.35707765989576573,0,0.24875986985850929
1,0,1,1,1,1.4522609210991584,-0.1745398684007332,0.6966719795005837,1,-1.264873787132184
1,0,0,1,5,0.8457970063568054,1.1944002759187435,1.6877879434446523,0,-1.439523824477264
1,0,1,1,5,1.0614202288461478,0.8521652398388743,1.549404263506087,0,-1.0902237497871041
0,2,1,1,3,1.5447787661252335,-1.2012449766403408,-0.488881813217925,1,-1.0902237497871041
2,1,0,0,2,1.6520239415840308,-0.5167749044806024,0.38491350079983927,2,0.3069765489735357
2,1,0,0,5,0.47006126839376666,-1.54348001272021,-1.0231051951110466,2,-0.10054020483165095
0,2,0,1,5,0.26236814690665927,-0.1745398684007332,0.023552227283202668,2,0.015893153398402464
0,2,1,0,0,0.19666159574528375,1.1944002759187435,1.0268018636886957,2,-1.3230904662472105
2,1,1,0,3,-0.028402223175290564,0.8521652398388743,0.5629879614308796,2,0.3651932280885622
1,0,0,1,4,-0.9649093891535191,0.8521652398388743,-0.2846601429164917,0,0.4234099072035891
1,0,0,0,4,1.1724416428774378,-1.54348001272021,-0.9436381853284806,2,0.5398432654336426
2,1,0,1,4,0.016535015837374347,-1.2012449766403408,-0.8346914783685109,0,-0.39162360040678423
1,0,0,0,5,0.5078236541186952,0.16769516767913598,0.4577155355683837,0,-0.7991403542119708
2,1,0,0,2,1.6248350238620823,0.8521652398388743,2.059360300476361,0,0.3651932280885622
2,1,0,1,3,-1.5219045785962155,-1.2012449766403408,-1.18280825025472,0,0.13232651162845588
1,0,0,0,0,1.4458413155259204,-0.5167749044806024,0.29160385060353583,0,1.4713101312740688
1,0,0,1,3,0.038437199557832855,1.1944002759187435,0.8656889099843641,1,0.8309266610087758
1,0,0,0,2,-1.3466871088325472,1.1944002759187435,-0.5447223410597604,2,-1.6723905409373707
1,0,0,1,0,-1.3874704854154698,0.16769516767913598,-0.8288809873306459,1,0.6562766236636954
2,1,0,0,1,1.01799348526248,1.5366353119986127,2.2161581101011016,2,0.5398432654336426
2,1,0,1,2,1.3491696080701039,0.5099302037590051,1.4193518023350487,0,1.4713101312740688
0,2,0,0,2,-0.41848766771380264,-0.1745398684007332,-0.3616064249693958,0,0.8891433401238023
1,0,0,0,1,-1.4274986142838941,-0.5167749044806024,-1.0087498643116153,2,-0.2751902421767308
2,1,0,1,1,-1.51963883545272,-1.54348001272021,-1.2482189986295094,1,-0.5080569586368376
1,0,1,1,4,-1.4920722938735218,-1.2012449766403408,-1.1760578268430826,2,-0.2751902421767308
2,1,1,0,0,1.1444974774409908,0.8521652398388743,1.62459885340787,0,0.7144933027787219
0,2,0,1,4,-0.42792826414503476,-1.2012449766403408,-0.9352642423621457,0,-0.6827069959819174
0,2,1,1,3,1.281197313765232,0.8521652398388743,1.7483281331553493,2,-0.21697356306170434
0,2,0,0,4,0.6297961600102141,1.5366353119986127,1.776953346356596,0,-0.9155737124420238
2,1,1,1,0,-0.9464058201483042,0.16769516767913598,-0.5294698020853648,0,1.3548767730440159
2,1,0,0,5,-1.168071024353635,-0.8590099405604715,-0.9970434338382697,1,1.7623935268492021
2,1,1,1,4,0.0021853092619013932,0.16769516767913598,0.11446932234626749,2,0.015893153398402464
1,0,0,0,5,-0.022737865316551333,1.1944002759187435,0.8033970281225462,2,1.7623935268492021
0,2,0,1,5,-1.505289128877247,1.5366353119986127,-0.6386728542381813,1,0.9473600192388287
1,0,0,1,3,0.757810647617722,-0.5167749044806024,-0.01977011030793816,0,0.3651932280885622
0,2,0,1,3,-1.5030233857337514,1.5366353119986127,-0.6361094023097115,0,-0.6827069959819174
2,1,1,0,3,-0.8384053969750085,-1.2012449766403408,-1.0281466505703707,2,-0.1587568839466774
1,0,0,0,1,1.58367402342191,0.16769516767913598,1.1880429899894505,2,1.7041768477341757
0,2,1,1,5,0.8722306763642556,1.5366353119986127,2.051242702702873,0,-0.33340692129175725
0,2,0,0,3,-1.410127916850427,-1.54348001272021,-1.2358289809752383,0,-1.5559571827073173
2,1,1,1,2,1.276665827478241,1.5366353119986127,2.508818871934745,1,1.5295268103890953
2,1,1,1,1,0.24348695404419496,1.5366353119986127,1.3398847925524828,0,-0.6244903168668905
1,0,0,0,2,-0.2700814918148334,-0.8590099405604715,-0.6922489995432017,2,-1.7306072200523972
2,1,1,0,0,0.7642302531909599,0.16769516767913598,0.631773921511488,0,1.0055766983538552
0,2,1,1,4,0.7174048948920487,1.1944002759187435,1.5570518950926888,2,1.4130934521590424
2,1,1,0,0,-0.5295090817450928,1.5366353119986127,0.4653204429561775,1,-0.9155737124420238
2,1,0,1,1,-0.25044505123787064,1.1944002759187435,0.571532801192446,1,0.9473600192388287
0,2,0,0,1,-1.3466871088325472,1.1944002759187435,-0.5447223410597604,1,-0.7409236750969439
2,1,0,0,2,0.8548599789307887,1.5366353119986127,2.03158957125127,2,-0.21697356306170434
2,1,1,0,3,-1.3327150261143232,-0.1745398684007332,-0.8787828515381928,0,-0.566273637751864
2,1,1,0,3,1.643338592867297,0.16769516767913598,1.2285455304592747,1,-0.8573570333269973
1,0,1,0,2,1.5485550046977268,-0.8590099405604715,-0.07496977516765622,2,-0.33340692129175725
2,1,1,1,2,-1.3753865219834926,0.8521652398388743,-0.6561897757493922,2,-0.21697356306170434
2,1,0,0,2,0.9322728696668922,-0.5167749044806024,0.05918420908893393,1,0.7727099818937494
2,1,0,1,5,-0.2553541613821115,-0.1745398684007332,-0.26932215554448047,0,-0.21697356306170434
2,1,1,0,5,1.0342313111241994,0.5099302037590051,1.16992792969493,2,-1.7306072200523972
2,1,1,1,1,0.7872653084831663,-0.1745398684007332,0.3204854089976298,0,1.7041768477341757
0,2,0,1,2,-0.2376058400913948,0.5099302037590051,0.1626622186015011,1,0.19054319074348233
0,2,1,1,5,-0.49854392545065135,-1.54348001272021,-1.1326927650531338,0,-0.7409236750969439
1,0,1,0,3,0.8050136297738827,0.16769516767913598,0.6594592023389626,0,-0.5080569586368376
2,1,0,0,4,-0.31313061154125194,-0.5167749044806024,-0.5044334215839755,0,0.07410983251342891
2,1,1,0,5,-0.40829182356807203,1.5366353119986127,0.6024651211293157,2,0.7144933027787219
0,2,0,0,5,-1.272295208954438,0.5099302037590051,-0.6567879145327018,2,-1.0902237497871041
1,0,0,1,3,0.328074698068035,1.1944002759187435,1.160614054354823,1,0.9473600192388287
2,1,1,1,3,1.2868616716239714,-1.54348001272021,-0.9306927530897077,1,-0.21697356306170434
0,2,1,1,0,1.566680949845692,-1.54348001272021,-0.8990341217731048,2,0.13232651162845588
1,0,1,1,3,1.215868386461106,1.5366353119986127,2.440032911854137,2,-1.0902237497871041
2,1,1,0,0,-1.6321707449130072,0.16769516767913598,-0.9949926722954937,0,-1.6723905409373707
0,2,1,1,2,-0.11034660019838563,-0.8590099405604715,-0.6380319912560639,2,1.3548767730440159
1,0,1,1,4,1.0206368522632252,0.16769516767913598,0.8058323074545924,0,0.24875986985850929
2,1,0,1,1,-0.262906638527097,-1.54348001272021,-1.106032864997047,0,-1.6723905409373707
2,1,1,1,1,0.8639229515047714,1.1944002759187435,1.7062447973296355,0,0.13232651162845588
2,1,1,0,0,-1.2311342085142656,1.1944002759187435,-0.4270598975429932,0,-1.206657108017157
0,2,1,1,2,0.09772414514597072,0.16769516767913598,0.17932465613655538,0,1.7041768477341757
1,0,1,1,3,-0.9562240404367855,0.5099302037590051,-0.40646683371761866,0,0.598059944548669
0,2,0,1,0,1.2460782950410487,1.5366353119986127,2.4742122709004013,2,0.19054319074348233
2,1,1,1,1,-1.0683783260398234,0.16769516767913598,-0.6122692993749416,1,0.5398432654336426
0,2,1,1,5,0.24386457790144445,0.16769516767913598,0.27853024576833935,0,0.24875986985850929
2,1,1,0,2,-0.819146580255295,1.1944002759187435,-0.007550989448898487,0,-1.6141738618223438
2,1,0,1,0,0.9930703106840271,1.5366353119986127,2.1879601388879326,0,1.2966600939289885
1,0,0,0,5,-1.4796107065842954,-1.2012449766403408,-1.1732380297217655,2,-1.3813071453622374
2,1,0,0,3,1.6063314548568668,-0.8590099405604715,-0.05535936791486168,1,0.4816265863186156
1,0,1,0,1,0.6482997290154294,0.5099302037590051,0.8642790114237057,0,0.8309266610087758
0,2,0,1,4,0.09054929185823438,1.1944002759187435,0.9187523649036902,2,-1.5559571827073173
2,1,0,0,4,0.9485106955286117,1.1944002759187435,1.7923767821262233,1,1.4713101312740688
2,1,1,0,1,-1.0819727849007976,-0.8590099405604715,-0.967820081853713,1,0.07410983251342891
1,0,0,1,1,-1.2738057043834348,-0.1745398684007332,-0.8454579764680844,2,-0.9737903915570507
1,0,0,1,1,-0.16283631635603635,-1.54348001272021,-1.0947109523129719,2,-1.0320070706720772
0,2,1,0,2,-1.6884366996431506,1.5366353119986127,-0.8458852184561628,2,-0.566273637751864
1,0,1,1,4,-0.084290554048185,-1.2012449766403408,-0.8575062005318929,2,-1.6723905409373707
0,2,1,0,0,1.6573106755855207,0.8521652398388743,2.0887545492561483,1,-1.0320070706720772
2,1,0,1,5,0.054675025419552124,0.5099302037590051,0.3941419277423307,1,-0.2751902421767308
1,0,0,1,5,1.672415629875492,1.1944002759187435,2.529497384157735,1,-1.6141738618223438
2,1,0,1,4,0.3110816244918171,0.8521652398388743,0.8702603992568021,1,-1.3813071453622374
1,0,0,0,1,0.030129474698348608,0.8521652398388743,0.6159659679525905,2,0.19054319074348233
0,2,1,0,4,1.4356454713801898,0.5099302037590051,1.4878386930240022,1,-1.439523824477264
0,2,1,0,5,-0.8844755075594213,-0.1745398684007332,-0.6252147316137144,0,1.1802267356989355
2,1,1,0,1,-0.9041119481363842,1.1944002759187435,-0.09406749203475667,1,-0.6244903168668905
2,1,0,0,2,0.48592147039823674,0.8521652398388743,1.0285108316410088,2,0.8891433401238023
1,0,1,0,5,1.3068757360581835,1.1944002759187435,2.1572841641439098,2,0.13232651162845588
1,0,1,0,1,-0.6061667247666979,0.5099302037590051,-0.1292295076536018,0,0.3069765489735357
0,2,0,0,5,1.3767361496493014,0.16769516767913598,1.0475658243093013,0,0.7727099818937494
1,0,1,0,5,-0.7866709285318562,-0.5167749044806024,-0.718738002804057,0,0.24875986985850929
1,0,0,1,0,1.200008184456636,0.16769516767913598,0.9275962740569113,1,1.0637933774688826
2,1,1,0,3,0.967769512248325,0.16769516767913598,0.7699439804560144,2,-0.9737903915570507
2,1,1,1,1,1.3046099929146877,-0.8590099405604715,-0.1577692724572331,0,-0.44984027952181066
0,2,1,0,0,-1.108784078765497,-0.1745398684007332,-0.7521056020729733,1,1.0637933774688826
0,2,0,0,4,-0.8025311305363262,0.16769516767913598,-0.43180228361066253,0,1.6459601686191492
1,0,1,1,5,-0.14206700420732576,1.5366353119986127,0.9036707227245258,0,0.7144933027787219
0,2,1,1,5,0.6354605178689536,0.8521652398388743,1.1638610934642182,2,1.2966600939289885
2,1,0,0,5,1.2887497909102177,1.5366353119986127,2.522490615553251,1,-0.9155737124420238
2,1,0,1,3,1.3151834609176678,1.5366353119986127,2.552397554718733,0,0.6562766236636954
2,1,0,0,3,0.488187213541732,1.5366353119986127,1.616737600827229,0,1.238443414813962
2,1,0,0,2,-0.9539582972932898,-1.54348001272021,-1.1842181488153782,1,0.8309266610087758
0,2,1,0,4,0.8412655200698145,0.16769516767913598,0.6840683408522733,2,0.598059944548669
2,1,1,0,3,-0.35542448355317213,0.16769516767913598,-0.12828957527982954,1,1.4713101312740688
0,2,0,0,1,-0.9641541414390206,1.5366353119986127,-0.026435085321959737,2,1.2966600939289885
2,1,1,1,3,0.39529174465840794,-0.5167749044806024,-0.18383103373001003,1,-0.7991403542119708
1,0,0,1,4,0.6112925910049993,0.8521652398388743,1.1419863036746085,1,-0.44984027952181066
0,2,1,1,3,-0.8765454065571863,0.8521652398388743,-0.20468044274823177,1,-1.206657108017157
1,0,0,0,1,1.3544563420715938,-0.5167749044806024,0.2502468261575552,1,-1.264873787132184
2,1,0,1,5,-0.7972443965348363,0.5099302037590051,-0.28055861983094,1,0.19054319074348233
0,2,1,1,1,1.0410285405546862,1.1944002759187435,1.8865836404974914,1,0.24875986985850929
2,1,1,0,2,-1.4799883304415449,0.16769516767913598,-0.8916855595781578,2,1.7041768477341757
2,1,1,0,5,0.9553079249590986,0.8521652398388743,1.4533602645860826,0,1.3548767730440159
0,2,0,1,2,1.3827781313652903,-0.1745398684007332,0.6573657165973789,1,1.1802267356989355
1,0,0,1,0,0.6229989305797272,-1.54348001272021,-1.005801894593875,0,-0.5080569586368376
1,0,1,1,4,-0.20361969293895915,-0.1745398684007332,-0.24005607936111586,2,1.5877434895041216
1,0,0,1,3,1.5689466929891878,1.1944002759187435,2.424139509897624,2,-0.566273637751864
1,0,1,1,5,1.4243167556627114,0.16769516767913598,1.0798653186080218,2,1.7623935268492021
2,1,1,0,2,-0.471732631585952,0.8521652398388743,0.16172228622772883,1,0.7727099818937494
0,2,1,1,5,0.3027738996323328,-1.54348001272021,-1.0420320151829159,0,-0.566273637751864
0,2,1,1,2,-0.3731728048438885,0.5099302037590051,0.0552963069974214,1,0.015893153398402464
2,1,1,1,5,0.7827338221961753,-1.2012449766403408,-0.6613166796063319,2,-0.2751902421767308
1,0,1,1,2,-0.5955932567637178,1.5366353119986127,0.3905530950424729,1,-0.6244903168668905
1,0,0,1,3,-0.4947676868781585,0.8521652398388743,0.14087287720950734,2,-0.7991403542119708
2,1,1,1,4,1.507016380400305,1.5366353119986127,2.7694364846625157,0,-1.264873787132184
0,2,1,1,1,1.6354084918650622,1.5366353119986127,2.914698760609142,1,1.0055766983538552
0,2,1,1,2,-0.16585730721403058,0.16769516767913598,0.00039571152935824835,0,-0.2751902421767308
0,2,0,1,5,0.5229286084086663,0.5099302037590051,0.7649879733943057,1,0.8891433401238023
0,2,1,1,3,0.5414321774138817,-0.1745398684007332,0.1814181418781391,2,-0.8573570333269973
1,0,0,1,2,0.9205665300921642,-0.1745398684007332,0.3958936198934518,1,1.4130934521590424
2,1,1,1,0,-1.314966704823607,0.8521652398388743,-0.6015028012753681,0,-0.39162360040678423
1,0,0,1,0,-0.1050598661968956,0.16769516767913598,0.0416672875777231,1,1.6459601686191492
1,0,1,1,2,-1.3549948336920312,0.8521652398388743,-0.6377329218644091,2,1.0055766983538552
0,2,0,1,4,-0.8244333142567848,1.1944002759187435,-0.012934238498685137,2,1.0637933774688826
0,2,0,1,2,-1.2651203556667012,0.8521652398388743,-0.5563860473342983,1,1.5295268103890953
2,1,1,0,1,-1.2522811445202255,0.5099302037590051,-0.6409372367749964,1,-1.264873787132184
0,2,1,1,2,0.6875726101693549,0.16769516767913598,0.5797358473635497,2,-1.4977405035922904
2,1,0,1,3,1.1754626337354321,-0.8590099405604715,-0.20160430043406782,2,1.7041768477341757
2,1,1,1,1,0.3242984594955424,0.5099302037590051,0.6076774733838711,0,-0.7409236750969439
2,1,0,1,2,-0.6495934683503657,0.8521652398388743,0.0007375051198209112,0,0.4234099072035891
0,2,0,1,5,-1.5169954684519749,1.5366353119986127,-0.651917355868609,2,0.598059944548669
2,1,1,1,3,-0.8066849929660683,0.8521652398388743,-0.14144862851264148,2,-0.7409236750969439
0,2,1,0,5,-1.6363246073427493,0.5099302037590051,-0.9450908080879468,1,-0.1587568839466774
1,0,0,1,2,-1.4195685132816591,-0.8590099405604715,-1.0824063830563164,2,0.598059944548669
1,0,0,0,4,1.4658553799601326,0.8521652398388743,1.915465198891585,2,0.3069765489735357
1,0,0,1,4,-0.34749438255093706,-0.5167749044806024,-0.5199850299500262,0,0.015893153398402464
0,2,1,1,4,0.6947474634570913,-1.54348001272021,-0.9976842968203871,2,1.7041768477341757
2,1,1,0,4,0.5338797002688959,-0.5167749044806024,-0.12111190988011385,1,-0.6244903168668905
1,0,1,0,4,0.8069017490601296,-0.8590099405604715,-0.32670075454339775,1,0.13232651162845588
1,0,1,0,1,0.6739781513083806,-1.2012449766403408,-0.6859258181196427,2,-1.3813071453622374
2,1,1,0,2,1.2132250194603607,1.1944002759187435,2.0619237524048306,0,1.2966600939289885
1,0,1,1,4,-1.1374834919164427,-0.5167749044806024,-0.8775011255739579,2,-0.7409236750969439
0,2,1,1,0,-0.8671048101259541,-0.1745398684007332,-0.6153881658879133,1,1.7041768477341757
2,1,0,0,1,0.703055188316576,-1.54348001272021,-0.9967443644466147,0,-1.1484404289021306
2,1,0,1,3,-0.45209619100898907,-1.2012449766403408,-0.9407329398095482,0,-1.206657108017157
0,2,1,0,4,-1.1473017122049243,-1.54348001272021,-1.2060929386049877,2,-0.5080569586368376
2,1,1,1,3,-0.535173439603832,-0.5167749044806024,-0.6049207371799946,1,0.7144933027787219
2,1,0,0,2,0.593544269714283,-0.1745398684007332,0.21089783905554266,1,-0.8573570333269973
2,1,0,0,5,-1.3791627605559855,0.16769516767913598,-0.8232413930880123,1,-0.10054020483165095
1,0,0,0,0,0.06864710813777587,-0.5167749044806024,-0.33165676160510615,0,-0.21697356306170434
2,1,1,1,0,0.21667566017949566,0.5099302037590051,0.5224426967622479,0,1.6459601686191492
1,0,0,1,3,-1.1242666569127178,1.5366353119986127,-0.20758568826716428,2,1.0055766983538552
1,0,0,1,4,-1.4312748528563868,-0.1745398684007332,-0.9345379309824124,1,-0.9155737124420238
0,2,1,0,3,-1.2326447039432626,1.1944002759187435,-0.42859796870007516,2,0.5398432654336426
2,1,0,0,0,0.4145505613781217,1.1944002759187435,1.248668628097763,1,1.5877434895041216
2,1,0,0,4,-1.0249515824561555,1.5366353119986127,-0.09522104540256814,2,0.4816265863186156
1,0,1,0,1,-0.955468792722287,-0.8590099405604715,-0.9248822620518427,2,-1.0902237497871041
1,0,1,0,0,1.6637302811587587,1.1944002759187435,2.5206534750045146,1,-0.2751902421767308
0,2,1,1,0,-1.1118050696234913,1.1944002759187435,-0.3055522761335212,2,-0.6244903168668905
2,1,1,0,2,1.419407645518471,1.1944002759187435,2.2718704653465136,0,1.0637933774688826
1,0,1,1,4,1.385421498366035,-0.1745398684007332,0.658861063555653,2,-1.206657108017157
1,0,1,1,5,-0.3493825018371834,-0.8590099405604715,-0.7191652447921353,1,-1.4977405035922904
1,0,0,0,5,-0.9841682058732327,0.5099302037590051,-0.42859796870007516,0,-0.2751902421767308
0,2,1,1,4,-1.4120160361366734,-1.54348001272021,-1.2360426019692774,1,0.7727099818937494
1,0,1,0,5,-1.166938152781887,-0.1745398684007332,-0.7850032351550033,0,0.8891433401238023
0,2,0,0,0,1.4715197378188722,-0.8590099405604715,-0.10111698483804889,0,-0.8573570333269973
1,0,1,1,1,1.4802050865356058,0.8521652398388743,1.9284533553291658,2,1.0055766983538552
1,0,1,0,2,0.06298275027903663,-0.8590099405604715,-0.5792007694976802,1,0.5398432654336426
1,0,1,1,0,-0.389788254562857,0.16769516767913598,-0.1516169878289054,2,-0.5080569586368376
1,0,1,1,2,0.24197645861519787,0.5099302037590051,0.5424803460031208,2,-0.9155737124420238
2,1,1,1,0,-1.6563386717769613,-0.1745398684007332,-1.0618560434297497,0,1.4130934521590424
2,1,0,0,1,-1.6287721301977633,-1.54348001272021,-1.2605662920849727,0,0.7144933027787219
0,2,1,1,2,-0.46908926458520706,-1.2012449766403408,-0.944578117702253,0,-0.44984027952181066
2,1,0,0,5,1.1890570925964064,-1.2012449766403408,-0.5693742037718791,1,1.5877434895041216
1,0,0,1,3,0.5172642505499274,1.1944002759187435,1.353257466779334,2,-1.7306072200523972
2,1,0,1,0,-0.7028384322225147,-0.5167749044806024,-0.680798914262703,2,1.5877434895041216
1,0,0,0,0,1.3227359380626538,0.16769516767913598,1.0109084617321822,0,-0.9737903915570507
0,2,1,0,4,0.29257805548660226,0.8521652398388743,0.8535125133241319,2,0.24875986985850929
1,0,1,0,1,0.9704128792490702,-1.2012449766403408,-0.6188488259913476,0,-0.2751902421767308
1,0,0,0,0,-1.7024087823613743,-0.8590099405604715,-1.1784076577775133,1,1.0055766983538552
1,0,1,0,3,1.073126568420876,1.1944002759187435,1.919267652585482,0,0.598059944548669
1,0,0,1,1,0.6853068670258591,-0.5167749044806024,-0.05258229499235263,0,-0.1587568839466774
0,2,0,1,3,-0.14093413263557786,1.5366353119986127,0.9049524486887609,2,-0.2751902421767308
0,2,1,0,5,1.4148761592314794,-1.2012449766403408,-0.5182760619977129,2,-1.6723905409373707
2,1,1,1,3,-1.4448693117173612,-0.1745398684007332,-0.9422282867678221,1,-1.206657108017157
2,1,0,0,1,-0.4324597504320264,-0.1745398684007332,-0.3695104017488446,1,0.9473600192388287
1,0,0,0,0,-1.603093707904812,-0.1745398684007332,-1.0317354832702286,0,-1.5559571827073173
0,2,1,1,1,1.2845959284804755,-1.54348001272021,-0.9309490982825548,2,-1.206657108017157
0,2,1,1,2,-1.160518547208649,1.1944002759187435,-0.35515507094941334,1,-0.7991403542119708
0,2,1,1,3,0.15474534759061304,-1.2012449766403408,-0.8034173648411785,1,-0.6827069959819174
2,1,0,1,1,1.4171419023749752,-1.2012449766403408,-0.5177633716120189,1,-0.566273637751864
0,2,0,1,4,0.2635010184784072,-0.5167749044806024,-0.2434740152657425,0,-1.6141738618223438
1,0,1,1,4,1.4424427008106773,0.8521652398388743,1.894273996282901,1,0.7727099818937494
0,2,0,1,4,-0.3052005105390169,0.8521652398388743,0.3124532596217573,0,-0.7409236750969439
1,0,0,0,0,0.9715457508208181,-0.8590099405604715,-0.2708175025027544,0,-1.264873787132184
0,2,0,1,1,-1.4248552472831488,-0.1745398684007332,-0.9309063740837469,2,-0.10054020483165095
0,2,0,1,0,0.8325801713530807,-0.5167749044806024,0.014067455147864064,1,1.0637933774688826
1,0,1,1,2,0.6566074538749137,0.5099302037590051,0.8708585380401115,1,-1.6141738618223438
1,0,0,1,2,-0.3444733916929429,1.1944002759187435,0.47578787166409614,2,-0.33340692129175725
2,1,0,1,1,-0.7734540935281314,1.5366353119986127,0.18932211865758786,1,0.8309266610087758
2,1,1,0,5,-1.5589117166066455,-1.2012449766403408,-1.1911821932210547,1,0.13232651162845588
0,2,1,1,4,-1.2054557862213142,-0.5167749044806024,-0.9082625487155963,0,-1.0320070706720772
0,2,0,1,4,0.12189207200992502,0.8521652398388743,0.6990218104350143,0,1.122010056583909
1,0,0,1,1,-0.8705034248411978,-0.5167749044806024,-0.7566770913454112,0,1.1802267356989355
0,2,0,1,0,0.4032218456606427,-1.54348001272021,-1.0306673783000326,1,1.5877434895041216
0,2,0,1,4,-1.1238890330554685,0.16769516767913598,-0.6499520427234488,2,1.0055766983538552
0,2,0,1,0,-0.8844755075594213,-0.5167749044806024,-0.7630002727689702,2,-0.2751902421767308
2,1,0,1,0,0.38773926751342214,-0.5167749044806024,-0.18724896963463666,1,-0.04232352571662398
0,2,1,0,0,0.7321322253247708,1.1944002759187435,1.5720480888742376,2,-0.44984027952181066
2,1,1,0,1,-1.481121202013293,-0.5167749044806024,-1.0330172092344636,2,-0.7991403542119708
1,0,0,0,1,-0.6560130739236035,-0.5167749044806024,-0.6596077116540185,0,-0.7409236750969439
0,2,0,0,5,-1.2624769886659561,1.5366353119986127,-0.36395625590382646,0,-1.6141738618223438
1,0,1,1,5,-0.04615054446600695,-1.54348001272021,-1.081509174881352,2,0.5398432654336426
0,2,0,0,5,1.6135063081446037,0.5099302037590051,1.6287003764934218,1,1.0055766983538552
2,1,1,1,4,-0.7628806255251513,-0.5167749044806024,-0.7079715047044836,1,-0.04232352571662398
1,0,0,0,2,0.7147615278913034,1.5366353119986127,1.8730827936742163,0,1.4713101312740688
0,2,0,1,4,0.5689987189930792,-0.5167749044806024,-0.10521850792360062,1,-1.4977405035922904
0,2,0,0,4,-0.7602372585244064,1.5366353119986127,0.20427558824032885,2,0.015893153398402464
1,0,1,0,5,0.44400522224356603,-0.1745398684007332,0.12630392541603674,2,-0.39162360040678423
2,1,0,0,3,-1.3047708606778763,-1.2012449766403408,-1.133675421625714,0,1.5877434895041216
0,2,0,0,4,-1.2889106586734063,1.1944002759187435,-0.48589111930137685,1,1.0637933774688826
0,2,1,0,4,-1.648030946917477,-1.2012449766403408,-1.211348015058351,0,-1.0902237497871041
1,0,1,0,3,1.6629750334442597,0.16769516767913598,1.241875480487318,2,0.5398432654336426
1,0,1,1,1,-0.29085080396354424,0.5099302037590051,0.12049343437817173,0,-0.44984027952181066
2,1,0,0,4,-1.2783371906704262,1.5366353119986127,-0.3819004194031156,0,0.07410983251342891
2,1,1,0,1,1.5009743986843165,-0.5167749044806024,0.31655478270730925,2,-0.33340692129175725
2,1,0,1,1,0.5784393154243113,1.5366353119986127,1.7188484359779457,0,-0.7409236750969439
0,2,0,1,5,-0.4400122275770119,1.5366353119986127,0.5665767941307375,1,1.5295268103890953
0,2,1,0,4,0.5395440581276348,0.8521652398388743,1.077045521486705,1,-0.33340692129175725
2,1,1,1,4,-0.7051041753660106,-1.54348001272021,-1.1560629018010173,1,0.5398432654336426
0,2,1,0,5,-1.5230374501679635,-1.54348001272021,-1.2486035164187799,0,-0.2751902421767308
0,2,0,1,3,1.6675065197312513,0.16769516767913598,1.2449516228014816,2,0.8891433401238023
0,2,0,0,3,-0.3021795196810227,-0.5167749044806024,-0.4994774145222672,0,1.238443414813962
1,0,1,1,3,0.4156834329498696,-0.1745398684007332,0.11028235086310005,0,0.3651932280885622
2,1,0,1,4,0.724579748179785,-1.54348001272021,-0.9943090851145684,0,-0.04232352571662398
2,1,1,0,5,-1.2054557862213142,1.1944002759187435,-0.40091268787260054,0,1.4713101312740688
1,0,1,0,2,-0.2704591156720828,0.5099302037590051,0.1366431815275319,1,-1.0320070706720772
0,2,0,0,4,1.4805827103928548,0.5099302037590051,1.5234279506309258,0,-1.6141738618223438
1,0,0,1,0,-0.5804883024737464,1.5366353119986127,0.4076427745656053,1,0.015893153398402464
2,1,1,1,0,-1.0506300047491068,0.5099302037590051,-0.4812341816313233,2,-0.566273637751864
0,2,0,0,0,0.2570814129051692,-1.54348001272021,-1.0472016432386635,0,-1.3230904662472105
0,2,0,0,2,-0.7292721022299649,-1.2012449766403408,-1.0034520636594444,0,0.07410983251342891
1,0,1,1,3,-1.4184356417099113,1.5366353119986127,-0.5404071969801695,2,-0.6244903168668905
2,1,0,0,0,-0.14168938035007628,-0.1745398684007332,-0.20502223633869443,0,0.3069765489735357
2,1,1,1,0,-1.0132452428814278,-0.5167749044806024,-0.821276079942852,0,-0.33340692129175725
0,2,0,1,4,0.8575033459315334,0.16769516767913598,0.6950911841446938,2,-0.6827069959819174
0,2,0,1,4,0.1638083201645957,-0.5167749044806024,-0.28859076920681226,0,-1.439523824477264
2,1,0,0,4,1.243812551897553,-1.54348001272021,-0.9355633117538005,0,0.4234099072035891
2,1,1,1,1,1.6671288958740018,-1.2012449766403408,-0.46119653239045033,1,-0.1587568839466774
1,0,0,1,3,-0.6292017800589043,-1.54348001272021,-1.1474753378406433,1,-1.3230904662472105
2,1,1,1,2,-0.26668287709958993,-1.54348001272021,-1.1064601069851254,0,-1.4977405035922904
0,2,1,0,0,-0.16925592192927427,-0.5167749044806024,-0.43932174260084084,1,-1.3230904662472105
1,0,1,0,0,-1.5373871567434363,0.8521652398388743,-0.8028192260578689,0,0.9473600192388287
0,2,0,1,0,0.6241318021514751,0.5099302037590051,0.845138570357797,2,-1.5559571827073173
0,2,1,0,5,-0.5831316694744915,0.5099302037590051,-0.1109862747626579,0,1.5295268103890953
0,2,0,0,4,1.2506097813280403,0.8521652398388743,1.7206428523278747,0,-1.6723905409373707
0,2,0,0,0,-1.102364473192259,-0.8590099405604715,-0.9747414020605817,2,-1.3230904662472105
0,2,1,0,1,0.9908045675405314,-1.2012449766403408,-0.6142346125201019,0,0.4816265863186156
1,0,0,1,5,0.9160350438051731,0.16769516767913598,0.7348246890359771,0,-0.8573570333269973
2,1,0,1,1,0.51575375512093,-1.2012449766403408,-0.7217286967206052,2,1.5877434895041216
0,2,0,0,2,-1.5649536983226342,-0.1745398684007332,-1.0101597628722738,1,-1.4977405035922904
0,2,0,0,3,-1.5151073491657283,1.1944002759187435,-0.716217275074395,0,-1.1484404289021306
2,1,0,0,0,0.8480627495003012,1.5366353119986127,2.023899215465861,0,-1.4977405035922904
2,1,0,1,2,1.6501358222977844,-1.2012449766403408,-0.4650417102831552,0,-1.0320070706720772
2,1,0,0,2,-1.3062813561068736,-0.8590099405604715,-1.0439546041292684,0,0.19054319074348233
2,1,0,1,0,0.7219363811790402,-0.1745398684007332,0.2835289770288556,0,-1.206657108017157
2,1,0,0,3,-0.9819024627297369,0.5099302037590051,-0.4268035523501463,1,0.6562766236636954
2,1,0,1,3,-0.4381241082907656,-0.5167749044806024,-0.5610002608055442,2,0.8309266610087758
2,1,1,0,2,-1.2364209425157555,1.1944002759187435,-0.43244314659278,0,-0.8573570333269973
2,1,1,0,3,-0.6137192019116834,-1.54348001272021,-1.1457236456895221,0,0.8309266610087758
0,2,1,1,3,-1.5260584410259577,0.16769516767913598,-0.9229596731054903,2,1.6459601686191492
0,2,1,0,1,0.23027011904047018,-0.1745398684007332,0.005394442789874489,0,-0.1587568839466774
0,2,1,1,4,-1.2896659063879048,0.16769516767913598,-0.7624875823832762,1,1.4130934521590424
1,0,1,1,5,1.5885831335661504,-0.5167749044806024,0.35620283920097656,2,-0.33340692129175725
0,2,0,1,2,1.665618400445005,-0.1745398684007332,0.817367841132707,0,-0.9155737124420238
2,1,0,1,2,1.4571700312433995,-0.5167749044806024,0.29673075446047553,0,0.9473600192388287
1,0,0,1,3,-0.1715216650727698,-0.5167749044806024,-0.4403471233722287,1,-1.7306072200523972
0,2,0,1,0,-0.7292721022299649,-0.5167749044806024,-0.6927616899288956,0,0.3651932280885622
1,0,1,1,4,-1.2707847135254404,1.1944002759187435,-0.46743426541639377,0,-0.10054020483165095
0,2,1,1,2,-0.8599299568382178,-0.8590099405604715,-0.8924545951566988,1,1.238443414813962
0,2,1,1,1,0.8061465013456306,-0.1745398684007332,0.3311664586995876,0,-0.8573570333269973
0,2,0,1,2,-1.215651630367045,-1.2012449766403408,-1.1135095997884177,1,0.5398432654336426
2,1,0,1,5,-1.5472053770319179,-0.1745398684007332,-1.0001195761524335,2,0.8891433401238023
0,2,0,0,0,-1.0279725733141498,-0.1745398684007332,-0.7063907093485937,1,1.238443414813962
0,2,1,1,1,0.7827338221961753,1.1944002759187435,1.623573472636482,2,0.3069765489735357
1,0,1,0,5,0.08601780557124304,0.16769516767913598,0.17137795515829865,0,-1.0320070706720772
2,1,1,0,0,-0.3029347673955214,-0.8590099405604715,-0.7034000154320457,1,1.4713101312740688
1,0,0,0,2,-0.4853270904469263,1.1944002759187435,0.33236273626620677,1,1.122010056583909
1,0,0,1,0,-0.2863193176765526,-0.8590099405604715,-0.697760421189412,1,0.4816265863186156
1,0,0,0,3,0.011248281835884324,0.5099302037590051,0.35974894770202664,2,1.122010056583909
1,0,0,0,3,0.8016150150586395,0.5099302037590051,0.985701184435562,0,0.4234099072035891
2,1,1,0,2,1.5617718397014515,-0.1745398684007332,0.7586220677719391,2,1.3548767730440159
0,2,1,1,5,-0.4162219245703071,-0.8590099405604715,-0.7418517943590937,0,-0.44984027952181066
0,2,1,0,1,0.8405102723553161,1.1944002759187435,1.6824046943948656,2,0.3651932280885622
0,2,0,1,0,0.614691205720243,-1.54348001272021,-1.0067418269676474,0,0.19054319074348233
2,1,0,0,4,1.2679804787615072,0.8521652398388743,1.7363653574891567,0,-1.3230904662472105
0,2,1,1,0,-1.1197351706257264,0.5099302037590051,-0.535963880304155,0,-1.0902237497871041
1,0,1,0,3,-1.592520239901832,1.5366353119986127,-0.7373657534842715,1,-1.264873787132184
2,1,0,0,1,1.6474924552970391,1.5366353119986127,2.928370504227648,1,-0.21697356306170434
0,2,1,1,0,-0.15037472906681,0.5099302037590051,0.23174724807376418,0,-0.8573570333269973
1,0,0,0,1,-0.03557707646302718,0.5099302037590051,0.322664343136829,1,0.8891433401238023
1,0,0,1,4,-1.0827280326152964,1.1944002759187435,-0.2759444063596942,0,-1.264873787132184
2,1,1,0,0,-0.9603779028665278,-1.54348001272021,-1.1849444601951113,0,0.8309266610087758
1,0,0,0,2,1.263826616331765,-0.5167749044806024,0.2092315953020371,1,0.4816265863186156
2,1,1,0,1,-0.6843348632173,1.5366353119986127,0.29015122784406944,1,1.3548767730440159
2,1,1,0,5,1.501729646398815,1.5366353119986127,2.763455096829419,0,-1.0320070706720772
1,0,1,1,0,-1.063846839752832,-0.8590099405604715,-0.9616677972253854,2,-0.2751902421767308
1,0,1,1,5,0.7287336106095271,-1.54348001272021,-0.9938391189276823,0,-0.7991403542119708
0,2,0,1,2,0.9549303011018491,0.8521652398388743,1.4530184709956198,1,0.24875986985850929
2,1,1,0,2,1.4651001322456343,0.8521652398388743,1.9147816117106597,0,1.238443414813962
2,1,1,1,2,1.6659960243022545,-1.2012449766403408,-0.4614528775832974,2,0.598059944548669
0,2,1,1,4,0.6626494355909022,0.16769516767913598,0.5628170646356484,0,0.13232651162845588
2,1,1,0,2,-0.5449916598923134,-0.5167749044806024,-0.6093640538560091,0,0.07410983251342891
2,1,1,0,1,0.9821192188237982,-0.5167749044806024,0.08174258605946874,0,1.238443414813962
2,1,1,0,0,-0.16434681178503346,1.1944002759187435,0.6592028571461156,0,-0.7991403542119708
0,2,0,1,4,0.38773926751342214,-0.5167749044806024,-0.18724896963463666,0,-0.566273637751864
2,1,1,0,5,-1.5600445881783933,1.5366353119986127,-0.7006229425095366,0,-0.9155737124420238
0,2,0,1,0,-1.2904211541024033,1.1944002759187435,-0.4874291904584587,1,0.4816265863186156
1,0,0,0,0,-1.1106721980517433,0.5099302037590051,-0.5287862149044394,0,1.7041768477341757
1,0,1,0,1,0.19968258660327795,-1.2012449766403408,-0.7932490055249147,1,-1.206657108017157
2,1,1,0,4,0.5452084159863743,0.16769516767913598,0.4830937096602353,2,-1.0320070706720772
2,1,1,1,1,-0.5132712558833735,0.16769516767913598,-0.23544186588987026,0,1.122010056583909
0,2,1,0,4,0.4311660110970902,-0.1745398684007332,0.11904081161870558,1,1.238443414813962
0,2,0,0,1,1.549310252412225,-0.1745398684007332,0.7515725749686468,2,0.015893153398402464
1,0,0,0,4,-0.7662792402403947,1.1944002759187435,0.04628150104896893,1,1.5295268103890953
2,1,1,1,5,1.5036177656850613,0.5099302037590051,1.5416711835218695,2,1.0055766983538552
2,1,0,1,1,1.5598837204152052,-0.5167749044806024,0.34321468276339584,2,1.4130934521590424
1,0,1,0,0,-1.209232024793807,-0.5167749044806024,-0.9099715166679097,1,-1.7306072200523972
0,2,0,1,5,1.0066647695450013,-0.5167749044806024,0.09285087774950494,1,0.3069765489735357
2,1,1,0,0,-1.0974553630480184,-1.2012449766403408,-1.086764251334715,0,-1.6141738618223438
1,0,1,0,2,1.6622197857297614,-0.1745398684007332,0.8154452521863542,0,1.7041768477341757
2,1,0,0,2,0.7257126197515329,-0.5167749044806024,-0.03429633790260075,2,-1.6141738618223438
0,2,1,0,2,-0.5563203756097921,-0.1745398684007332,-0.4395780877936878,2,1.7041768477341757
1,0,0,1,5,0.7608316384757162,-1.54348001272021,-0.9902075620290167,0,-0.6827069959819174
2,1,1,1,2,-0.33616566683345833,0.16769516767913598,-0.1152159704446331,0,-0.566273637751864
0,2,1,0,3,-0.8818321405586763,1.5366353119986127,0.06670366807911228,1,1.7623935268492021
2,1,0,0,1,-0.0605002510414799,1.1944002759187435,0.764945249195498,2,1.4713101312740688
1,0,1,1,2,-1.4142817792801692,0.5099302037590051,-0.7692380057949135,1,-0.21697356306170434
2,1,0,0,1,0.9368043559538838,-0.8590099405604715,-0.2826093813737159,0,0.6562766236636954
1,0,1,0,1,-0.6692299089273284,1.5366353119986127,0.3072409073672021,0,1.5877434895041216
0,2,0,1,0,0.7985940242006447,-1.54348001272021,-0.9859351421482335,2,0.13232651162845588
0,2,0,0,5,-0.1288501692036007,1.5366353119986127,0.918624192307267,1,-0.44984027952181066
0,2,1,0,3,0.9088601905174363,-1.54348001272021,-0.9734596760963468,2,0.19054319074348233
0,2,1,0,3,0.8242724464935964,-0.1745398684007332,0.341420266413467,2,-1.5559571827073173
0,2,1,0,2,-0.052947773896494084,-0.1745398684007332,-0.1548213027394926,2,-1.3813071453622374
1,0,1,1,4,-1.5891216251865885,1.1944002759187435,-0.7915827617714093,0,-0.6827069959819174
1,0,0,0,3,-0.5517888893228005,0.16769516767913598,-0.26158907556026295,1,0.7727099818937494
1,0,0,1,0,-1.375764145840742,1.1944002759187435,-0.5743302108335875,0,0.598059944548669
2,1,1,0,2,-0.6133415780544341,0.16769516767913598,-0.30337334199432187,1,1.4130934521590424
2,1,1,1,4,-0.35693497898216925,-0.5167749044806024,-0.5242574498308094,1,-0.44984027952181066
2,1,0,1,4,-1.5743942947538663,-1.54348001272021,-1.254414007456645,2,1.6459601686191492
1,0,1,0,1,-0.601257614622457,-0.1745398684007332,-0.46499898608434737,2,1.5295268103890953
2,1,0,0,1,1.5904712528523974,0.5099302037590051,1.6104571436024777,2,-1.206657108017157
0,2,0,1,5,0.4375856166703281,-0.5167749044806024,-0.16469059266410163,1,0.598059944548669
0,2,1,1,2,-1.5815691480416028,-0.1745398684007332,-1.0195590866099968,1,0.4816265863186156
1,0,0,0,1,0.4923410759714741,-0.5167749044806024,-0.1399105573555596,0,-1.6723905409373707
0,2,1,0,4,0.03239521784184441,-0.5167749044806024,-0.34806285394731334,2,-0.8573570333269973
2,1,1,0,1,-1.2028124192205691,-0.1745398684007332,-0.8052972295887231,2,-0.9155737124420238
1,0,1,0,3,-0.8104612315385613,1.5366353119986127,0.14745240382591318,0,-1.0902237497871041
1,0,1,1,5,-1.2764490713841798,-1.2012449766403408,-1.1272667918045391,2,-0.04232352571662398
0,2,0,1,3,-1.3104352185366155,-0.1745398684007332,-0.8661792128898825,0,0.4816265863186156
0,2,1,1,5,-1.1265324000562134,-0.8590099405604715,-0.9829444482316853,2,-0.21697356306170434
0,2,1,1,4,-0.17907414221775564,0.8521652398388743,0.42661231883628253,2,1.2966600939289885
1,0,1,1,3,1.527030444834517,-1.54348001272021,-0.903520162647927,2,0.4816265863186156
2,1,1,0,4,-0.3886553829911091,-0.5167749044806024,-0.5386127806302405,1,1.0055766983538552
2,1,0,0,3,0.9756996132505602,-1.54348001272021,-0.9658974929073607,2,1.2966600939289885
1,0,1,0,3,0.05845126399204504,-1.2012449766403408,-0.8252067062331724,2,0.7727099818937494
0,2,0,0,0,-1.1499450792056691,0.5099302037590051,-0.5598894316365406,0,0.7144933027787219
2,1,0,0,2,-0.6446843582061248,-0.8590099405604715,-0.8193962151953074,2,0.3069765489735357
2,1,1,0,0,1.0716160729918784,-0.8590099405604715,-0.23685176445052866,0,1.6459601686191492
2,1,0,0,1,1.5685690691319383,1.5366353119986127,2.8390769287192805,1,1.0055766983538552
1,0,0,1,1,-1.1423926020606834,0.8521652398388743,-0.4453031304339372,1,-0.1587568839466774
2,1,1,1,1,-1.4875408075865304,-1.54348001272021,-1.2445874417308438,0,-1.1484404289021306
1,0,0,1,1,-0.5687819628990185,1.1944002759187435,0.24738430483743046,0,0.015893153398402464
0,2,0,1,3,-0.09448639819391556,0.5099302037590051,0.2760095180386775,0,1.122010056583909
1,0,0,0,2,-1.3142114571091086,-0.8590099405604715,-1.0466462286541618,1,0.598059944548669
1,0,1,1,5,0.43796324052757707,-0.1745398684007332,0.12288598951141036,0,-0.04232352571662398
0,2,0,0,4,1.3208478187764074,1.5366353119986127,2.558806184539908,2,0.19054319074348233
1,0,1,1,1,0.5063131586896978,-1.2012449766403408,-0.7238649066609967,1,-0.04232352571662398
2,1,1,1,2,-0.46833401687070836,-1.2012449766403408,-0.9444072209070214,2,-0.7409236750969439
0,2,1,0,0,-1.2164068780815434,0.16769516767913598,-0.7127566149709607,2,-0.33340692129175725
1,0,1,1,1,1.505505884971308,0.5099302037590051,1.5431665304801438,1,1.5295268103890953
1,0,1,0,1,-0.3108648683977564,-1.54348001272021,-1.1114588382456416,1,-0.10054020483165095
2,1,1,1,5,1.6452267121535433,1.1944002759187435,2.501812103330261,2,1.1802267356989355
2,1,0,1,5,1.0293222009799587,-0.5167749044806024,0.10310468546338436,2,1.5295268103890953
0,2,1,1,4,-0.8187689563980455,0.16769516767913598,-0.44282512690308296,1,0.4234099072035891
2,1,0,1,2,-1.458841394435585,-0.5167749044806024,-1.0229342983158154,2,0.015893153398402464
2,1,1,0,0,-0.5593413664677863,0.8521652398388743,0.08242617324039407,1,-0.2751902421767308
2,1,0,1,2,-1.4437364401456132,-0.1745398684007332,-0.9415874237857047,0,0.6562766236636954
1,0,0,0,5,1.237015322467066,0.8521652398388743,1.7083382830712193,1,-1.5559571827073173
0,2,0,0,4,1.2664699833325097,1.1944002759187435,2.1161407606919687,1,-0.2751902421767308
2,1,1,1,1,-1.6197091576237805,-1.54348001272021,-1.2595409113135847,2,1.4713101312740688
0,2,1,0,5,-1.3810508798422318,0.5099302037590051,-0.7429198993292896,0,1.5877434895041216
1,0,0,0,3,-1.3791627605559855,-1.54348001272021,-1.2323255966729962,1,1.4713101312740688
2,1,0,1,2,-1.0578048580368433,1.5366353119986127,-0.13239109836538127,1,1.122010056583909
2,1,1,1,1,-0.3750609241301348,-0.8590099405604715,-0.727880981348933,1,-0.2751902421767308
1,0,0,0,3,-1.0800846656145513,-1.54348001272021,-1.198488031217194,1,-0.9737903915570507
1,0,0,0,5,-0.6250479176291621,-1.54348001272021,-1.1470053716537572,1,1.5295268103890953
1,0,1,0,0,0.7189153903210456,0.16769516767913598,0.6010124983698495,0,-0.1587568839466774
1,0,1,1,0,-1.27116233738269,0.16769516767913598,-0.7499266679337738,0,0.3651932280885622
0,2,1,0,2,0.29975290877433863,-0.1745398684007332,0.04470070569307909,2,-1.264873787132184
0,2,1,1,3,-1.1582528040651534,-1.54348001272021,-1.207331940370415,2,-0.8573570333269973
0,2,0,1,0,-1.3179876956816012,-0.5167749044806024,-0.9591897936945313,0,-1.3230904662472105
1,0,0,0,1,-0.9860563251594792,-0.1745398684007332,-0.6826787790102475,0,-0.04232352571662398
1,0,0,0,2,0.8204962079211038,1.1944002759187435,1.66202525156353,1,-1.439523824477264
1,0,1,1,0,0.8956433555137114,1.5366353119986127,2.077731705963728,0,-0.44984027952181066
2,1,0,0,0,-0.3437181439784442,1.5366353119986127,0.6755235010907072,0,0.3651932280885622
2,1,1,1,2,-0.7470204235206813,-1.54348001272021,-1.1608052878686868,1,0.5398432654336426
2,1,1,1,2,-0.5721805776142619,-0.1745398684007332,-0.4485501695433324,0,-1.439523824477264
1,0,0,0,2,0.6562298300176642,1.5366353119986127,1.806860285522078,1,1.0055766983538552
2,1,1,0,5,0.6902159771701002,-0.5167749044806024,-0.05036063665434544,0,-0.5080569586368376
2,1,0,0,2,-1.2481272820904834,-1.54348001272021,-1.2175002996866788,0,-0.33340692129175725
0,2,0,1,2,-0.16359156407053477,-0.1745398684007332,-0.21741225399296532,1,1.238443414813962
2,1,0,0,5,-0.042374305893514305,1.5366353119986127,1.0164626075772003,1,0.07410983251342891
2,1,0,0,3,-0.6994398175072714,0.5099302037590051,-0.20309964739234193,1,0.4234099072035891
1,0,1,1,5,-0.7043489276515119,0.16769516767913598,-0.3651525334704458,0,-1.439523824477264
2,1,1,1,2,-1.2874001632444092,-1.54348001272021,-1.2219436163626933,2,0.13232651162845588
2,1,0,0,0,1.6301217578635723,-1.54348001272021,-0.8918564563733893,0,0.8309266610087758
2,1,0,0,4,1.0610426049888984,0.16769516767913598,0.83326124308922,2,-0.9155737124420238
0,2,0,0,5,-0.5899288989049786,-0.5167749044806024,-0.6297007724885367,0,1.5877434895041216
0,2,0,1,1,-0.47362075087219835,1.5366353119986127,0.5285522571917678,1,-0.8573570333269973
1,0,0,1,3,0.6381038848696984,0.8521652398388743,1.1662536485974566,0,-1.3813071453622374
0,2,0,0,0,0.33109568892602925,-0.1745398684007332,0.06243124819832911,0,-0.21697356306170434
0,2,1,1,3,0.35903985436247676,-0.8590099405604715,-0.4787134539016612,1,-0.39162360040678423
0,2,1,0,5,-0.8463354979772435,-0.1745398684007332,-0.6036390112157597,1,-1.6141738618223438
2,1,1,1,0,1.072371320706377,-0.5167749044806024,0.12258692011975544,2,-1.4977405035922904
1,0,1,1,5,-0.8044192498225728,1.5366353119986127,0.1542882756351662,2,-0.1587568839466774
0,2,1,1,0,-0.6446843582061248,-1.54348001272021,-1.1492270299917644,2,-0.1587568839466774
2,1,1,1,2,0.38887213908517004,0.8521652398388743,0.9406698788921078,0,0.8309266610087758
2,1,1,0,0,-0.8637061954107107,1.5366353119986127,0.08721128350687112,0,-0.44984027952181066
0,2,1,1,5,-0.6998174413645206,-0.1745398684007332,-0.5207540655285671,2,-1.1484404289021306
1,0,0,1,4,0.17778040288281946,1.5366353119986127,1.2655446866268565,0,-0.566273637751864
2,1,0,0,5,-0.7058594230805093,1.5366353119986127,0.2657984345236058,1,0.015893153398402464
1,0,0,0,5,-0.23345197766165268,-0.5167749044806024,-0.46837419779016604,2,-0.21697356306170434
1,0,1,0,1,-0.5506560177510527,1.5366353119986127,0.44139489162379203,0,0.19054319074348233
0,2,1,1,1,-0.6994398175072714,-0.5167749044806024,-0.679260843105621,2,0.7727099818937494
2,1,1,1,4,-1.2352880709440077,-1.54348001272021,-1.2160476769272124,0,-1.5559571827073173
1,0,0,0,4,0.8310696759240839,1.1944002759187435,1.6727917496631037,2,1.6459601686191492
1,0,1,0,1,-0.7919576625333462,-1.2012449766403408,-1.0176364976636443,2,0.7144933027787219
0,2,0,0,1,-1.359903943836272,1.5366353119986127,-0.47418468882803105,1,0.13232651162845588
1,0,0,0,3,-1.1461688406331763,0.8521652398388743,-0.44872106633856373,2,1.0055766983538552
2,1,0,0,4,-1.6446323322022336,1.5366353119986127,-0.7963251478390786,1,0.8309266610087758
1,0,1,1,1,1.6697722628747471,-1.2012449766403408,-0.4605983936071407,2,0.07410983251342891
1,0,1,1,5,0.7646078770482094,0.8521652398388743,1.2807545014024442,0,-0.8573570333269973
2,1,1,0,0,0.28502557834161646,-1.2012449766403408,-0.7739376676637749,0,0.8891433401238023
2,1,1,0,2,1.3053652406291862,0.16769516767913598,0.9991165828612206,0,-0.44984027952181066
1,0,0,0,5,1.6033104639988727,-1.54348001272021,-0.8948898744887452,0,1.122010056583909
0,2,0,0,5,-0.15679433464004763,0.8521652398388743,0.4467781406735787,0,1.5295268103890953
1,0,0,1,5,0.6909712248845986,-1.54348001272021,-0.9981115388084655,1,-0.9155737124420238
2,1,0,0,1,-0.8976923425631463,-1.54348001272021,-1.1778522431930114,2,1.238443414813962
2,1,1,1,4,0.5183971221216752,-1.2012449766403408,-0.7211305579372955,2,1.1802267356989355
1,0,1,0,5,1.4212957648047173,-1.2012449766403408,-0.5168234392382467,0,-0.39162360040678423
1,0,1,1,5,1.2377705701815644,-1.54348001272021,-0.9362468989347258,1,1.4713101312740688
0,2,0,1,0,-1.189217960359595,0.8521652398388743,-0.4876855356513058,2,1.6459601686191492
1,0,0,0,5,-0.27083673952933207,-0.8590099405604715,-0.6925053447360486,0,-0.1587568839466774
1,0,1,0,2,1.0716160729918784,0.16769516767913598,0.8404389084889357,1,0.4234099072035891
1,0,0,1,3,0.2121441738925043,-0.1745398684007332,-0.004859364924005163,0,0.015893153398402464
2,1,0,0,4,-1.500002394875757,0.16769516767913598,-0.9052718547990481,1,-1.0902237497871041
1,0,0,0,5,1.3242464334916506,0.5099302037590051,1.3996132224858306,1,-0.44984027952181066
0,2,1,0,4,-0.48192847573168285,-0.1745398684007332,-0.397494751967974,2,-0.5080569586368376
0,2,1,0,1,-0.052570150039244874,0.5099302037590051,0.30920622051236235,2,1.3548767730440159
0,2,1,1,0,1.6569330517282712,0.5099302037590051,1.663093356533726,0,0.3651932280885622
2,1,0,1,5,0.10263325529021153,0.5099302037590051,0.43212374048249264,1,0.7144933027787219
2,1,0,0,1,-0.15868245392629424,-1.54348001272021,-1.0942409861260858,2,0.8891433401238023
1,0,0,1,3,-0.030667966318786367,-0.1745398684007332,-0.14221766409118253,2,1.6459601686191492
2,1,0,1,4,-0.6148520734834313,-0.1745398684007332,-0.472689341869757,1,1.0055766983538552
0,2,1,1,4,-0.7908247909615985,-1.2012449766403408,-1.0173801524707973,2,1.5877434895041216
2,1,0,1,5,0.6135583341484951,-0.1745398684007332,0.22221975173961783,1,-1.5559571827073173
1,0,1,0,0,-0.3761937957018827,-0.8590099405604715,-0.7282654991382034,1,0.4234099072035891
2,1,0,0,4,1.0383851735539416,0.16769516767913598,0.8178805315184009,0,0.19054319074348233
0,2,0,0,4,-0.6884887256470421,0.16769516767913598,-0.35438603537087227,1,-0.6244903168668905
2,1,1,1,3,0.2718087433378914,-1.2012449766403408,-0.7769283615803232,0,-1.1484404289021306
0,2,1,1,2,0.9832520903955455,0.16769516767913598,0.7804541333627408,1,0.598059944548669
0,2,0,0,5,1.3495472319273527,-0.1745398684007332,0.6385670691219331,2,0.07410983251342891
1,0,1,1,1,-0.6216493029139184,-0.5167749044806024,-0.6440561032879681,1,1.1802267356989355
1,0,0,1,1,0.15814396230585648,-1.2012449766403408,-0.8026483292626375,2,-0.1587568839466774
1,0,0,0,2,-0.04954915918125065,1.5366353119986127,1.0083450098037123,1,-0.5080569586368376
0,2,1,1,5,1.6017999685698758,1.1944002759187435,2.4575925575641553,0,1.3548767730440159
0,2,1,1,3,-1.1420149782034341,0.16769516767913598,-0.6622566119801041,2,0.015893153398402464
0,2,0,1,1,1.170931147448441,0.8521652398388743,1.6485244047402554,1,0.13232651162845588
1,0,1,1,0,-1.2356656948012572,1.5366353119986127,-0.3336220747502664,2,0.7144933027787219
2,1,1,0,2,-1.4864079360147828,1.1944002759187435,-0.6869939230898384,2,0.8309266610087758
0,2,1,0,4,-1.0328816834583905,-0.1745398684007332,-0.7091677822711028,2,-0.44984027952181066
2,1,1,1,4,-1.4728134771538084,0.5099302037590051,-0.8155937615014105,2,0.24875986985850929
1,0,0,0,1,0.6905936010273491,-1.54348001272021,-0.9981542630072732,1,-1.1484404289021306
0,2,1,1,4,1.5961356107111364,-1.54348001272021,-0.8957016342660941,2,-0.04232352571662398
0,2,1,0,1,0.6562298300176642,-0.5167749044806024,-0.06574134822516457,1,-1.206657108017157
2,1,0,0,2,1.2011410560283837,0.16769516767913598,0.9283653096354525,2,-1.0902237497871041
0,2,1,1,4,-0.9437624531475591,-0.8590099405604715,-0.9209089115627144,2,1.238443414813962
2,1,0,1,3,0.763097381619212,-1.54348001272021,-0.9899512168361696,1,0.07410983251342891
1,0,0,0,5,-1.3402675032593092,-0.5167749044806024,-0.9692727046131794,1,-1.1484404289021306
2,1,0,1,0,-1.3935124671314583,0.16769516767913598,-0.8329825104161978,1,-0.8573570333269973
1,0,1,0,2,0.5863694164265466,-1.54348001272021,-1.0099461418782347,1,1.2966600939289885
1,0,0,1,4,-0.6367542572038898,-0.5167749044806024,-0.650891975097221,2,-1.206657108017157
0,2,1,0,1,-0.9913430591609691,1.5366353119986127,-0.05719650846359823,2,1.122010056583909
0,2,1,1,5,0.19930496274602874,1.1944002759187435,1.0294934882135887,1,-0.566273637751864
1,0,1,0,5,-0.15603908692554921,-0.1745398684007332,-0.2131398341121824,0,-1.6141738618223438
0,2,1,0,0,0.3922707538004137,0.16769516767913598,0.37927390655720544,0,0.19054319074348233
1,0,1,1,1,0.06033938327829163,-0.8590099405604715,-0.5800979776726447,2,-0.2751902421767308
1,0,1,0,1,-0.05143727846749697,1.1944002759187435,0.7741736761379896,0,1.122010056583909
1,0,1,0,3,0.0969688974314723,1.1944002759187435,0.9252891673212887,0,1.5877434895041216
2,1,1,1,0,-1.2636098602377042,0.16769516767913598,-0.7447997640768341,1,0.9473600192388287
0,2,0,1,0,-1.3727431549827478,0.5099302037590051,-0.7363403727128834,0,-0.04232352571662398
1,0,1,1,4,-0.686978230218045,-0.8590099405604715,-0.8337515459947387,1,0.4234099072035891
1,0,0,0,1,0.6180898204354867,-1.2012449766403408,-0.6985721809667608,0,1.4713101312740688
2,1,0,0,2,1.618037794431595,1.5366353119986127,2.89504562915754,2,-1.439523824477264
0,2,0,1,2,-0.5291314578878435,0.16769516767913598,-0.24620836398944357,2,-0.7991403542119708
0,2,0,0,4,0.6324395270109594,-0.8590099405604715,-0.38591649409105183,2,0.7144933027787219
1,0,1,1,0,-1.2874001632444092,1.1944002759187435,-0.48435304814429486,0,0.19054319074348233
2,1,1,1,2,1.2660923594752609,1.5366353119986127,2.4968560962685524,1,-1.4977405035922904
1,0,1,0,0,-0.5004320447368977,0.8521652398388743,0.13574597335256738,2,-0.7409236750969439
0,2,0,1,0,0.7113629131760603,0.16769516767913598,0.5958855945129098,2,-1.1484404289021306
1,0,1,1,1,1.6456043360107928,-1.2012449766403408,-0.46606709105454314,0,1.1802267356989355
0,2,1,0,2,0.9643708975330813,1.5366353119986127,2.1554897477939807,1,-0.39162360040678423
2,1,1,0,5,-0.2394939593776414,1.5366353119986127,0.7934422898003215,1,1.4130934521590424
0,2,1,0,1,0.3801867903684363,1.1944002759187435,1.2136775092741496,0,0.4234099072035891
1,0,1,0,1,0.9133916768044279,0.5099302037590051,1.074225724365388,1,-0.8573570333269973
2,1,1,0,5,0.6913488487418481,0.5099302037590051,0.8983729220723551,2,-1.6723905409373707
1,0,0,0,4,0.9957136776847724,-0.1745398684007332,0.4384041977072438,1,0.3651932280885622
1,0,0,1,5,-1.0951896199045226,1.5366353119986127,-0.1746880551851341,0,0.9473600192388287
0,2,0,1,2,-1.7197794797948411,0.5099302037590051,-1.0111851436436619,2,0.7727099818937494
1,0,1,1,2,0.6313066554392115,-1.2012449766403408,-0.6955814870502125,1,0.6562766236636954
0,2,1,1,5,1.1418541104402455,-0.1745398684007332,0.5210755224003972,1,0.9473600192388287
1,0,0,1,1,0.9681471361055743,0.5099302037590051,1.117590786155337,2,-0.39162360040678423
1,0,1,1,2,0.17475941202482498,-0.5167749044806024,-0.28363476214510386,0,-0.6827069959819174
2,1,1,1,2,-0.902601452707387,-0.5167749044806024,-0.7712033189400738,2,-0.44984027952181066
0,2,1,0,3,0.32467608335279136,-0.5167749044806024,-0.21578873443826774,0,0.4234099072035891
1,0,1,1,3,0.5225509845514174,-1.2012449766403408,-0.7201906255635233,2,0.6562766236636954
2,1,1,1,2,-1.074420307755812,-0.8590099405604715,-0.9652566299252432,0,0.19054319074348233
0,2,0,0,3,0.8310696759240839,-0.5167749044806024,0.01338386796693874,0,0.8309266610087758
2,1,0,0,1,1.408834177515491,-1.2012449766403408,-0.5196432363595634,1,0.598059944548669
1,0,0,0,1,-1.4195685132816591,-0.5167749044806024,-1.0051610316117576,1,1.4713101312740688
1,0,1,1,5,0.278983596625628,-0.8590099405604715,-0.5058860443434419,2,0.015893153398402464
0,2,1,1,3,-0.14961948135231132,-0.5167749044806024,-0.43043510924881195,1,1.6459601686191492
0,2,1,0,2,-0.1258291783456062,-0.8590099405604715,-0.643287067709427,0,1.2966600939289885
0,2,1,0,5,-0.47626411787294337,-0.1745398684007332,-0.3942904370573867,2,0.4234099072035891
2,1,1,1,1,0.14870336587462435,1.5366353119986127,1.2326470535448262,0,-0.9737903915570507
0,2,1,1,3,-1.550226367889912,-0.1745398684007332,-1.0018285441047468,0,-1.4977405035922904
2,1,0,1,3,-0.3452286394074413,0.16769516767913598,-0.1213682550729608,1,-1.5559571827073173
2,1,0,0,4,-1.1869522172160991,0.5099302037590051,-0.5891982320187128,2,1.4130934521590424
0,2,0,0,5,-0.38110290584612355,-1.54348001272021,-1.1194055392238984,0,1.6459601686191492
0,2,0,0,5,0.7374189593262609,-0.8590099405604715,-0.35028451228532054,2,-1.264873787132184
1,0,0,1,5,1.5530864909847177,-0.8590099405604715,-0.07343170401057413,0,-0.9737903915570507
1,0,1,1,3,-1.5426738907449262,-0.8590099405604715,-1.1241906494903755,1,1.0055766983538552
0,2,1,1,2,-0.13111591234709624,-0.8590099405604715,-0.645081484059356,1,1.4713101312740688
2,1,1,0,5,-0.34031952926320075,1.1944002759187435,0.48001756734607154,2,-0.9737903915570507
2,1,1,0,1,-0.7107685332247499,-0.1745398684007332,-0.5269490743557026,0,1.2966600939289885
0,2,0,0,4,0.553138516988609,-1.2012449766403408,-0.7132693053566547,2,1.5295268103890953
2,1,1,1,0,1.0349865588386977,-1.54348001272021,-0.9591897936945313,2,-0.33340692129175725
2,1,1,0,1,0.3518650010747399,-1.54348001272021,-1.0364778693378978,1,-1.439523824477264
2,1,1,1,2,0.8265381896370922,1.5366353119986127,1.999546422145397,2,-0.04232352571662398
1,0,1,0,5,-0.04388480132251142,0.16769516767913598,0.08319520881893512,2,0.4816265863186156
2,1,0,0,1,-0.14282225192182418,0.5099302037590051,0.23772863590686066,0,-1.439523824477264
1,0,1,1,4,-0.9033567004218855,-0.5167749044806024,-0.7715451125305365,0,0.9473600192388287
0,2,0,0,1,-0.07636045304594996,0.5099302037590051,0.29036484883810865,2,-1.0320070706720772
2,1,0,0,2,-0.22212326194417423,-0.5167749044806024,-0.46324729393322633,1,-0.33340692129175725
0,2,1,1,1,-0.9464058201483042,-1.54348001272021,-1.1833636648392214,2,-1.0320070706720772
1,0,0,1,2,0.08375206242774724,-1.2012449766403408,-0.819481663592923,2,1.122010056583909
0,2,1,0,0,-1.0087137565944362,-1.54348001272021,-1.1904131576425137,1,-0.44984027952181066
2,1,0,0,2,1.6350308680078127,1.1944002759187435,2.491430123019958,0,-0.1587568839466774
1,0,0,1,1,1.4178971500894735,-0.8590099405604715,-0.11931749353018505,0,0.13232651162845588
2,1,0,1,5,0.9537974295301017,-1.54348001272021,-0.968375496438215,1,1.1802267356989355
0,2,0,1,2,0.44476046995806445,1.5366353119986127,1.5676047721982234,2,-1.6141738618223438
0,2,0,0,5,-0.6401528719191335,1.1944002759187435,0.17471044266530955,2,-1.6141738618223438
1,0,0,1,5,0.6392367564414463,0.16769516767913598,0.5469236626791352,0,-0.04232352571662398
2,1,0,1,0,1.2173788818901028,-0.1745398684007332,0.5637997212082284,2,-1.4977405035922904
0,2,0,1,2,1.6184154182888444,0.16769516767913598,1.2116267477313736,1,-1.7306072200523972
2,1,0,0,1,-0.461159163582972,0.16769516767913598,-0.20006622927698595,2,0.8891433401238023
0,2,1,0,2,0.6044953615745124,-0.8590099405604715,-0.3954012662263903,1,1.2966600939289885
0,2,0,0,2,1.3570997090723385,-1.54348001272021,-0.9227460521114512,0,1.6459601686191492
1,0,0,0,4,1.469631618532626,0.5099302037590051,1.514754938272936,1,-1.206657108017157
1,0,1,0,1,1.0414061644119357,1.5366353119986127,2.242647113361957,1,-1.4977405035922904
1,0,0,1,1,1.347281488783857,-1.54348001272021,-0.9238568812804546,0,-0.10054020483165095
1,0,0,0,2,0.8763845387939977,-1.2012449766403408,-0.6401254769976475,0,1.238443414813962
0,2,1,1,5,0.19628397188803426,-1.2012449766403408,-0.7940180411034556,2,1.0055766983538552
1,0,0,1,3,1.0161053659762336,1.5366353119986127,2.2140219001607093,0,-1.1484404289021306
0,2,0,1,4,-0.08957728804967502,-0.8590099405604715,-0.6309824984527717,2,0.3069765489735357
0,2,1,0,1,-1.6457652037739814,-1.54348001272021,-1.262488881031325,1,0.7144933027787219
0,2,1,1,5,0.3216550924947971,1.5366353119986127,1.4283238840846935,1,-0.1587568839466774
0,2,1,1,0,0.8548599789307887,-0.8590099405604715,-0.310422834797614,2,-0.9155737124420238
0,2,0,1,2,1.0610426049888984,-1.2012449766403408,-0.5983412105635886,1,0.015893153398402464
1,0,1,1,4,1.6625974095870109,-0.8590099405604715,-0.036261651047761,2,-1.3230904662472105
1,0,0,1,2,0.9152797960906742,-0.8590099405604715,-0.28991521936985504,1,-1.1484404289021306
1,0,0,1,3,0.4077533319476343,1.5366353119986127,1.5257350573665485,1,-1.1484404289021306
0,2,1,1,3,-1.0090913804516857,0.5099302037590051,-0.4483365485492932,1,-0.566273637751864
2,1,1,0,0,-0.35769022669666767,-1.54348001272021,-1.1167566388978127,0,-0.39162360040678423
1,0,0,0,2,-1.436561586857877,-0.1745398684007332,-0.9375286248989607,0,0.8891433401238023
1,0,1,1,1,-0.12280818748761199,-0.8590099405604715,-0.6422616869380392,2,0.3069765489735357
1,0,0,0,2,1.628233638577326,-0.8590099405604715,-0.04792535732229905,2,-0.33340692129175725
2,1,0,0,0,1.241546808754057,0.8521652398388743,1.7124398061567712,2,-1.3230904662472105
1,0,0,1,0,-8.043388159413846e-05,-1.2012449766403408,-0.8384512078636002,2,-0.566273637751864
2,1,0,0,2,0.636215765583452,0.8521652398388743,1.1645446806451434,1,-1.7306072200523972
2,1,0,1,0,-1.6472756992029782,-0.1745398684007332,-1.05672913957281,2,-0.8573570333269973
0,2,0,1,4,-1.3712326595537505,1.1944002759187435,-0.5697159973623417,2,1.0055766983538552
2,1,1,1,3,0.5489846545588669,0.16769516767913598,0.48565716158870514,0,0.24875986985850929
1,0,0,1,1,-0.8323634152590198,-1.54348001272021,-1.1704609567992565,0,-0.7991403542119708
2,1,0,0,5,-1.5173730923092241,-1.2012449766403408,-1.1817828694833319,0,-0.39162360040678423
2,1,1,1,0,-1.168071024353635,1.5366353119986127,-0.25714575888424857,0,0.07410983251342891
1,0,1,1,0,0.7547896567597278,-0.1745398684007332,0.3021140035102622,2,0.4816265863186156
1,0,1,0,3,0.005206300119895883,0.16769516767913598,0.11652008388904347,0,1.7041768477341757
0,2,0,1,4,0.6460339858719336,1.5366353119986127,1.795324751843964,0,0.19054319074348233
1,0,0,1,5,-0.6930202119340334,1.1944002759187435,0.12087795216744213,2,-1.0902237497871041
1,0,0,1,1,0.17022792573783363,-0.5167749044806024,-0.28568552368787975,1,1.4130934521590424
0,2,1,0,0,-1.5098206151642384,-0.8590099405604715,-1.1130396336015314,1,-0.6827069959819174
2,1,1,0,0,1.6622197857297614,-1.54348001272021,-0.8882248994747235,1,0.598059944548669
0,2,0,0,1,1.226441854464086,-0.8590099405604715,-0.18430099991689616,2,0.5398432654336426
0,2,0,0,5,-1.0476090138911127,-0.1745398684007332,-0.71749900103863,0,-0.6244903168668905
0,2,0,1,1,-0.00838815874107838,-1.54348001272021,-1.0772367550005688,1,-1.206657108017157
1,0,1,0,5,-0.4796627325881871,-0.8590099405604715,-0.7633847905582406,0,1.3548767730440159
2,1,0,1,5,-1.455065155863092,0.5099302037590051,-0.801537500093634,1,0.5398432654336426
1,0,0,0,1,0.1162277141511858,0.16769516767913598,0.1918855705860577,1,-0.6244903168668905
2,1,0,0,2,1.1867913494529105,1.5366353119986127,2.407135278772107,1,1.7041768477341757
2,1,1,0,5,1.6286112624345748,-1.2012449766403408,-0.469912268947248,0,0.4234099072035891
0,2,1,0,1,-0.26592762938509124,-0.5167749044806024,-0.48307132218005994,2,0.3651932280885622
1,0,0,1,2,0.07808770456900802,-0.8590099405604715,-0.5740738656407405,2,0.4234099072035891
1,0,1,0,3,-1.4237223757114013,-0.5167749044806024,-1.0070408963593023,2,-0.33340692129175725
2,1,0,0,3,-0.3006690242520256,0.16769516767913598,-0.09111952231701641,2,-1.4977405035922904
1,0,1,0,5,-0.5684043390417692,-1.2012449766403408,-0.967051046275172,1,-1.6723905409373707
0,2,0,1,1,0.013891648836629335,1.5366353119986127,1.0801216638008688,2,-1.4977405035922904
1,0,0,1,2,1.424694379519961,-1.2012449766403408,-0.5160544036597058,0,-0.8573570333269973
1,0,1,0,3,0.6698242888786385,-0.8590099405604715,-0.3732274070451259,2,-1.7306072200523972
2,1,1,1,3,-0.8319857914017705,0.8521652398388743,-0.16434879907363895,1,1.3548767730440159
0,2,1,0,0,-0.3848791444186164,1.5366353119986127,0.6289541243901713,1,-1.264873787132184
1,0,0,1,1,1.0610426049888984,-1.2012449766403408,-0.5983412105635886,0,-1.3813071453622374
1,0,0,0,5,0.317501230065055,0.5099302037590051,0.6022942243340844,1,0.19054319074348233
0,2,0,0,2,0.6720900320221342,-0.5167749044806024,-0.05856368282544888,0,-0.566273637751864
2,1,1,1,3,0.12378019129617161,1.5366353119986127,1.2044490823316578,2,0.6562766236636954
0,2,0,1,2,-0.27083673952933207,0.16769516767913598,-0.07086825208210427,2,1.4130934521590424
1,0,0,0,0,-0.6114534587681879,-1.54348001272021,-1.1454673004966753,0,-0.2751902421767308
1,0,1,0,5,-0.7878038001036041,-1.54348001272021,-1.1654195013399324,1,0.015893153398402464
2,1,1,0,1,-0.2398715832348906,0.16769516767913598,-0.04984794626865133,2,0.07410983251342891
0,2,0,1,1,-1.291176401816902,-1.2012449766403408,-1.13059927931155,2,-0.21697356306170434
1,0,0,0,5,-1.2307565846570163,0.16769516767913598,-0.7224977322991462,2,-1.206657108017157
1,0,0,0,4,-0.24817930809437486,-1.2012449766403408,-0.8945908050970903,1,-0.33340692129175725
1,0,0,0,5,0.3458230193587514,-1.2012449766403408,-0.7601804756476533,1,0.598059944548669
0,2,0,1,4,0.2978647894880923,1.5366353119986127,1.4014076388357597,0,-1.5559571827073173
2,1,0,1,5,0.6498102244444263,-1.2012449766403408,-0.691394515567045,0,-0.5080569586368376
0,2,1,0,2,0.4315436349543391,-0.8590099405604715,-0.4541043153883504,0,0.3069765489735357
2,1,0,0,5,0.5482294068443685,1.1944002759187435,1.3847879254995132,0,-0.1587568839466774
2,1,0,1,2,-0.023870736888299233,0.5099302037590051,0.3319354942781284,2,-1.0320070706720772
0,2,0,1,3,-0.26592762938509124,1.5366353119986127,0.7635353506348396,0,1.0637933774688826
2,1,0,0,1,0.6686914173068906,0.5099302037590051,0.8804287585730656,0,1.4713101312740688
2,1,1,0,2,-0.11601095805712486,1.1944002759187435,0.7084211341727372,0,0.3651932280885622
0,2,0,0,4,1.1969871935986416,-0.1745398684007332,0.5522641875301141,0,-0.21697356306170434
0,2,0,0,5,-1.081217537186299,-0.5167749044806024,-0.8520375030844906,2,-0.04232352571662398
1,0,1,1,4,0.24613032104493998,-0.5167749044806024,-0.2513352678463835,2,-1.5559571827073173
0,2,0,1,0,0.5251943515521621,1.1944002759187435,1.3613323403540138,1,0.4816265863186156
2,1,1,1,4,1.5795201609921679,1.5366353119986127,2.851466946373552,2,0.598059944548669
2,1,1,0,1,0.1789132744545671,0.8521652398388743,0.7506326425948746,2,1.5295268103890953
1,0,1,1,2,-0.8818321405586763,-0.8590099405604715,-0.8998886057492614,1,-1.5559571827073173
1,0,0,0,1,-1.3557500814065298,1.5366353119986127,-0.4694850269591696,1,-1.1484404289021306
1,0,0,1,3,0.9364267320966343,1.1944002759187435,1.7800722128695678,0,1.2966600939289885
1,0,0,0,4,1.2355048270380686,1.1944002759187435,2.084610301971789,0,-0.39162360040678423
1,0,1,1,3,0.6078939762897556,0.5099302037590051,0.83227858651664,0,1.122010056583909
1,0,1,0,0,-0.4785298610164392,-0.5167749044806024,-0.5792862178952959,2,0.3651932280885622
2,1,0,1,2,0.5025369201172052,-1.54348001272021,-1.019430914013573,0,-1.264873787132184
2,1,1,1,1,-1.5124639821649835,0.8521652398388743,-0.780260849087334,2,1.238443414813962
0,2,1,1,5,-1.1318191340577035,-0.8590099405604715,-0.9847388645816143,2,-0.5080569586368376
0,2,0,1,2,0.9420910899553737,0.16769516767913598,0.752512507342419,0,1.238443414813962
2,1,0,0,4,0.7498805466154872,-0.5167749044806024,-0.023358943007796003,2,0.7727099818937494
2,1,1,0,0,0.829181556637837,1.1944002759187435,1.6708691607167514,2,0.13232651162845588
2,1,1,0,3,-1.579303404898107,1.1944002759187435,-0.7815852992503768,2,-0.566273637751864
2,1,0,1,1,1.6248350238620823,0.8521652398388743,2.059360300476361,2,0.8891433401238023
0,2,1,0,3,-0.7549505245229163,-0.1745398684007332,-0.5519427306582839,1,-0.21697356306170434
0,2,0,0,1,0.5961876367150276,0.5099302037590051,0.8230074353753406,2,-1.439523824477264
0,2,0,1,0,-1.6514295616327206,-0.8590099405604715,-1.1611043572603417,1,0.6562766236636954
0,2,1,1,1,-0.3886553829911091,-0.8590099405604715,-0.7324951948201787,1,0.13232651162845588
1,0,0,0,1,-1.4422259447166164,0.16769516767913598,-0.8660510402934591,1,-0.5080569586368376
1,0,1,0,1,-1.1371058680591934,0.5099302037590051,-0.5497210723202767,0,0.07410983251342891
2,1,0,0,5,1.3200925710619085,1.1944002759187435,2.1707422867683763,0,-1.0902237497871041
1,0,1,1,4,-0.43623598900451926,-0.8590099405604715,-0.7486449419695389,1,0.5398432654336426
2,1,0,0,2,-0.7137895240827441,0.5099302037590051,-0.21446428427522507,0,0.24875986985850929
1,0,0,1,2,-1.220938364368535,-0.5167749044806024,-0.9152693173200805,2,0.24875986985850929
2,1,0,0,3,-1.0260844540279035,0.8521652398388743,-0.340030704571441,0,-0.21697356306170434
2,1,0,1,4,-0.003856672454087049,-0.8590099405604715,-0.6018873190646387,1,-0.6244903168668905
1,0,1,1,5,0.5312363332681506,1.5366353119986127,1.6654431874681566,1,1.122010056583909
2,1,1,1,1,1.5704571884181853,-0.5167749044806024,0.3479997930298731,2,-0.10054020483165095
1,0,0,0,4,-0.1318711600615949,0.5099302037590051,0.24640164826485045,0,1.3548767730440159
0,2,0,0,1,-1.259455997807962,-0.5167749044806024,-0.9327007904336758,1,-1.4977405035922904
0,2,1,1,3,0.012381153407632225,-0.8590099405604715,-0.5963758974184283,2,-1.264873787132184
0,2,0,1,1,-1.358393448407275,-1.54348001272021,-1.2299757657385655,2,1.4713101312740688
1,0,1,1,0,0.763097381619212,0.5099302037590051,0.9551961064867702,2,1.122010056583909
1,0,0,1,2,-0.07371708604520495,-1.54348001272021,-1.0846280413943237,2,-0.33340692129175725
2,1,0,1,3,0.9923150629695286,1.5366353119986127,2.1871056549117758,1,-0.566273637751864
2,1,0,0,4,0.9639932736758323,0.5099302037590051,1.1143010228471342,1,0.6562766236636954
2,1,1,1,0,0.116605338008435,1.5366353119986127,1.1963314845581698,2,1.1802267356989355
1,0,0,1,0,1.3552115897860921,0.8521652398388743,1.815319676886029,2,-0.566273637751864
0,2,1,1,4,1.4458413155259204,1.1944002759187435,2.298786710595447,0,1.6459601686191492
2,1,1,1,4,-0.0023461770250899384,0.5099302037590051,0.3489824496024531,0,0.8891433401238023
2,1,1,1,2,1.101070733857323,-1.54348001272021,-0.9517130589031606,2,1.0637933774688826
0,2,0,0,5,0.6026072422882656,-1.2012449766403408,-0.7020755652690028,2,1.0637933774688826
0,2,0,1,4,-0.6790481292158099,-1.2012449766403408,-0.9920874267765613,2,1.4713101312740688
2,1,0,0,5,-0.9063776912798798,0.8521652398388743,-0.23168213639478097,1,-0.7991403542119708
2,1,0,0,2,-0.6514815876366119,-1.54348001272021,-1.1499960655703054,0,0.9473600192388287
1,0,0,1,1,0.3609279736487231,1.5366353119986127,1.4727570508448378,1,-1.0320070706720772
2,1,0,0,4,-1.7046745255048699,-0.1745398684007332,-1.0891995306667617,1,-0.6827069959819174
1,0,0,0,4,-1.6382127266289956,1.1944002759187435,-0.8415700743765718,1,0.598059944548669
2,1,0,1,3,0.9651261452475802,0.5099302037590051,1.1151982310220983,0,1.1802267356989355
1,0,0,0,1,-1.259455997807962,-0.5167749044806024,-0.9327007904336758,2,-1.6723905409373707
0,2,1,0,2,-1.0721545646123163,-0.1745398684007332,-0.731384365651175,1,0.9473600192388287
0,2,0,0,0,-1.444491687860112,1.5366353119986127,-0.5698868941575731,2,0.015893153398402464
1,0,1,1,4,0.664915178734398,-0.1745398684007332,0.25127220692894325,2,0.8309266610087758
2,1,0,0,1,1.1025812292863202,-0.8590099405604715,-0.22634161154380208,2,0.24875986985850929
0,2,1,0,1,1.571590059989933,0.8521652398388743,2.0111674042211267,1,-0.44984027952181066
1,0,0,0,0,-0.7526847813794205,0.8521652398388743,-0.09257214507648255,2,-1.206657108017157
0,2,1,0,4,1.5425130229817376,0.16769516767913598,1.160101363969129,0,-1.439523824477264
0,2,0,1,2,-1.3904914762734641,1.5366353119986127,-0.5087912898623743,2,-0.7991403542119708
0,2,1,0,2,-0.010653901884574182,-0.5167749044806024,-0.36754508860368434,2,0.598059944548669
1,0,0,0,2,0.812943730776118,1.5366353119986127,1.9841657105745778,1,-0.7991403542119708
1,0,1,1,0,0.6214884351507298,1.5366353119986127,1.7675540226188733,1,-1.6141738618223438
0,2,0,0,1,0.30994875292006946,0.8521652398388743,0.869235018485414,2,1.7041768477341757
0,2,0,0,3,-1.6986325437888814,-0.1745398684007332,-1.085781594762135,2,0.3651932280885622
0,2,0,1,3,-0.00650003945483206,-0.5167749044806024,-0.3656652238561398,1,-0.21697356306170434
1,0,1,0,4,1.5024848941133133,0.8521652398388743,1.9486191771664623,2,-1.3230904662472105
2,1,1,0,1,0.7698946110496994,-0.8590099405604715,-0.3392616689929001,1,1.6459601686191492
1,0,1,1,5,-1.5853453866140956,0.16769516767913598,-0.9632058683824672,0,-0.39162360040678423
1,0,1,0,0,1.5092821235438008,-0.5167749044806024,0.3203145122023983,0,0.5398432654336426
0,2,1,0,4,-1.6706883783524342,0.16769516767913598,-1.0211398819658863,0,0.4234099072035891
1,0,0,0,5,1.505505884971308,-0.5167749044806024,0.318605544250085,2,-1.439523824477264
2,1,0,0,3,1.1403436150112487,0.5099302037590051,1.2539664287499341,1,0.598059944548669
2,1,0,0,5,0.46515215824952555,0.5099302037590051,0.7192303564711184,2,-0.7409236750969439
2,1,1,0,2,-0.12280818748761199,-1.54348001272021,-1.0901821872393418,1,-0.39162360040678423
2,1,0,1,2,0.3767881756531931,-1.2012449766403408,-0.753173707043169,0,-0.566273637751864
1,0,1,0,2,-1.012489995166929,-0.1745398684007332,-0.6976322485929884,1,0.598059944548669
2,1,0,1,3,0.36394896450671727,0.5099302037590051,0.6390797595076272,1,-1.6141738618223438
1,0,1,1,5,1.423939131805462,-1.54348001272021,-0.915183868922465,0,1.5295268103890953
2,1,0,1,5,-1.1488122076339213,-0.1745398684007332,-0.7747494274411237,0,-0.5080569586368376
1,0,0,1,0,1.215868386461106,1.1944002759187435,2.0646153769297237,2,-0.7991403542119708
2,1,1,1,3,-1.2790924383849247,0.8521652398388743,-0.5690324101814164,0,0.7727099818937494
0,2,1,0,5,1.4760512241058639,-0.5167749044806024,0.30527559422204187,2,0.4816265863186156
0,2,0,0,1,-0.9460281962910548,-1.54348001272021,-1.1833209406404137,1,-1.6723905409373707
2,1,1,0,4,-0.4403898514342614,0.8521652398388743,0.1900911542361289,0,1.0637933774688826
2,1,0,0,3,-1.7186466082230933,-0.1745398684007332,-1.0971035074462105,2,-1.6723905409373707
0,2,1,1,0,0.714006280176805,0.5099302037590051,0.916317085571644,1,1.1802267356989355
2,1,1,1,0,0.6124254625767472,0.8521652398388743,1.1430116844459963,2,-0.8573570333269973
2,1,1,0,3,-1.6873038280714026,-0.1745398684007332,-1.0793729649409605,1,1.3548767730440159
2,1,0,1,3,0.18117901759806287,-0.8590099405604715,-0.5390827468171268,1,-0.7991403542119708
0,2,1,1,5,0.12226969586717423,0.5099302037590051,0.4476753488485432,2,1.5877434895041216
0,2,1,1,1,-0.3497601256944329,-1.54348001272021,-1.1158594307228482,1,-1.7306072200523972
2,1,0,1,3,0.4862990942554857,-0.5167749044806024,-0.14264490607926067,1,1.2966600939289885
1,0,1,0,4,1.5746110508479274,1.5366353119986127,2.8459128005285335,1,-1.206657108017157
0,2,0,1,0,1.3944844709400177,0.5099302037590051,1.4552401293336272,1,1.3548767730440159
0,2,1,0,0,-0.3422076485494471,-1.2012449766403408,-0.9158674561033903,1,-0.21697356306170434
1,0,1,1,1,-1.0759308031848092,-1.2012449766403408,-1.0818936926706224,2,-1.5559571827073173
2,1,0,0,4,0.19628397188803426,-1.54348001272021,-1.0540802392467243,0,-0.8573570333269973
0,2,0,0,5,-1.177511620784867,1.5366353119986127,-0.26782680858620633,0,0.6562766236636954
1,0,1,1,3,1.4012817003705051,-1.54348001272021,-0.9177473208509349,1,1.6459601686191492
2,1,0,1,4,1.17130877130569,-0.1745398684007332,0.5377379599354515,2,1.4130934521590424
1,0,1,1,5,-1.2333999516577614,0.16769516767913598,-0.7242921486490751,2,0.5398432654336426
2,1,0,0,0,-0.9618883982955249,0.8521652398388743,-0.28192579419279057,2,-1.0902237497871041
2,1,0,1,1,0.44249472681456864,0.5099302037590051,0.7012861929718295,2,-0.04232352571662398
0,2,0,0,1,-0.2534660420958649,1.1944002759187435,0.5684566588782822,0,0.598059944548669
1,0,0,0,0,0.752146289758983,1.1944002759187435,1.5924275317055732,0,0.598059944548669
0,2,1,0,4,0.8231395749218485,-0.5167749044806024,0.009795035267081127,0,-1.6141738618223438
0,2,1,0,5,1.4163866546604766,-1.2012449766403408,-0.5179342684072503,1,0.8891433401238023
0,2,1,0,0,-0.20550781222520573,-0.5167749044806024,-0.45572783494304797,0,1.1802267356989355
1,0,1,0,3,-1.4320301005708855,-1.54348001272021,-1.2383069845060926,0,0.9473600192388287
2,1,1,0,1,0.24575269718769077,1.5366353119986127,1.3424482444809527,2,-0.566273637751864
1,0,1,1,3,-1.6963668006453856,0.8521652398388743,-0.9467143276426444,2,-0.44984027952181066
0,2,1,0,0,-0.5819987979027436,1.5366353119986127,0.40593380661329226,1,-1.1484404289021306
2,1,0,0,5,0.35110975336024147,-0.1745398684007332,0.07375316088240426,1,-0.2751902421767308
0,2,1,1,0,1.4907785545385859,-1.54348001272021,-0.9076216857334789,0,-0.566273637751864
0,2,0,0,0,-0.2663052532423407,0.8521652398388743,0.34765799943941045,0,-1.1484404289021306
1,0,1,0,2,-0.09297590276491845,0.8521652398388743,0.5045412574617666,2,-1.1484404289021306
2,1,1,0,1,-0.38638963984761354,0.5099302037590051,0.044828878289502556,0,1.2966600939289885
0,2,1,1,2,-0.8229228188277876,0.8521652398388743,-0.15614575290253552,2,1.5295268103890953
1,0,0,1,3,1.5289185641207634,-0.5167749044806024,0.3292011455544273,1,0.8309266610087758
1,0,0,1,2,-0.32143833640073644,-0.1745398684007332,-0.3067058295013327,1,-0.566273637751864
1,0,1,1,0,-0.1050598661968956,-0.5167749044806024,-0.4102692874115156,2,-0.1587568839466774
0,2,0,0,4,-0.3018018958237735,-1.2012449766403408,-0.9067244775585145,1,-1.6723905409373707
2,1,0,1,5,-1.718268984365844,-1.54348001272021,-1.2706919272024286,0,-0.6244903168668905
0,2,1,0,3,0.4923410759714741,-0.8590099405604715,-0.43346852736416797,0,1.0055766983538552
1,0,0,0,5,0.16645168716534073,0.5099302037590051,0.48266646767215715,1,-1.439523824477264
0,2,0,0,5,-1.27116233738269,-0.5167749044806024,-0.9379985910858468,1,-0.21697356306170434
1,0,0,0,3,0.6207331874362314,1.1944002759187435,1.4586153410394456,1,0.4234099072035891
0,2,0,1,1,-0.5434811644633163,-0.8590099405604715,-0.785045959353811,1,0.8891433401238023
2,1,1,1,0,0.35035450564574305,1.5366353119986127,1.4607942751786451,0,-1.0320070706720772
0,2,0,0,0,0.7004118213158307,1.5366353119986127,1.8568475981272403,1,-1.5559571827073173
0,2,1,1,0,-1.7035416539331218,0.8521652398388743,-0.9532084058614347,0,0.3651932280885622
1,0,1,1,3,0.26048002762041295,-0.5167749044806024,-0.24484118962759316,0,1.4713101312740688
1,0,0,0,5,-1.654828176347964,0.8521652398388743,-0.9091170326917529,0,-1.6723905409373707
0,2,0,1,3,1.3453933694976106,-1.54348001272021,-0.9240705022744938,2,1.2966600939289885
1,0,0,0,4,-0.5642504766120271,0.5099302037590051,-0.09603280517991693,2,-0.9155737124420238
0,2,1,1,1,-0.1243186829166091,-1.54348001272021,-1.090353084034573,0,-0.6827069959819174
0,2,0,1,1,-0.6469501013496206,-0.1745398684007332,-0.49084712636308525,2,-0.7991403542119708
1,0,1,1,5,-0.4169771722848055,0.16769516767913598,-0.1700738417138885,1,-1.0902237497871041
2,1,1,1,0,0.007472043263391414,1.5366353119986127,1.0728585500035375,0,-0.6827069959819174
2,1,0,0,5,-0.998895536305955,0.16769516767913598,-0.5651017838910959,2,-1.1484404289021306
0,2,1,1,1,-0.14093413263557786,-0.8590099405604715,-0.6484139715663668,0,0.5398432654336426
1,0,1,1,0,0.17475941202482498,-1.54348001272021,-1.0565155185787707,0,-0.566273637751864
0,2,0,0,5,-0.6118310826254371,-1.2012449766403408,-0.9768776120009733,1,-1.1484404289021306
2,1,0,0,2,-1.54078577145868,-1.2012449766403408,-1.187080670135503,1,1.122010056583909
0,2,1,1,1,-1.2972183835328905,-1.54348001272021,-1.2230544455316967,0,-0.6244903168668905
0,2,0,1,0,1.4390440860954337,-0.8590099405604715,-0.11213982813046935,1,-0.6244903168668905
0,2,0,1,0,0.6641599310198996,-1.54348001272021,-1.0011449569238213,2,1.5877434895041216
2,1,1,0,5,-1.2571902546644662,-1.54348001272021,-1.2185256804580666,1,0.9473600192388287
2,1,0,0,2,0.6498102244444263,1.1944002759187435,1.488223210813273,0,-1.7306072200523972
0,2,1,0,1,1.6399399781520534,0.16769516767913598,1.2262384237236519,0,-1.6141738618223438
0,2,1,1,1,0.6958803350288391,-1.54348001272021,-0.9975561242239636,0,1.2966600939289885
0,2,1,0,1,1.616527299002598,-1.2012449766403408,-0.4726466176709492,2,1.2966600939289885
2,1,1,1,3,-0.09373115047941714,0.5099302037590051,0.27660765682198707,2,-1.1484404289021306
1,0,1,0,0,-0.10883610476938851,1.5366353119986127,0.9412680176754172,2,1.7623935268492021
0,2,0,0,3,1.5209884631185286,-0.1745398684007332,0.7355510004157101,2,1.0637933774688826
1,0,1,0,1,-0.7236077443712257,1.1944002759187435,0.08973201123653322,0,-1.6141738618223438
1,0,1,1,2,-1.3047708606778763,0.8521652398388743,-0.5922743743328767,0,-0.39162360040678423
0,2,0,0,4,-1.03325930731564,-0.5167749044806024,-0.8303336100901122,0,0.7144933027787219
1,0,1,1,3,0.07242334671026877,0.16769516767913598,0.16214952821580722,0,-1.0902237497871041
0,2,0,0,2,-0.3036900151100198,1.1944002759187435,0.5173157929053082,0,-1.1484404289021306
2,1,0,0,4,1.15544856930122,-1.54348001272021,-0.945560774274833,2,0.015893153398402464
0,2,0,1,5,-1.6204644053382793,-1.2012449766403408,-1.2051102820324078,2,0.4816265863186156
1,0,1,0,4,-1.6763527362111734,1.1944002759187435,-0.8804063710928903,1,-1.5559571827073173
1,0,1,0,4,-0.17378740821626562,0.5099302037590051,0.21320494579116558,0,0.015893153398402464
0,2,0,0,0,0.9031958326586973,-0.8590099405604715,-0.2940167424554069,0,-0.21697356306170434
2,1,0,1,3,-0.8255661858285327,-0.8590099405604715,-0.880790888882161,2,0.19054319074348233
1,0,0,1,5,1.3163163324894158,0.8521652398388743,1.7801149370683758,1,-0.2751902421767308
2,1,0,0,3,0.2699206240516451,-1.2012449766403408,-0.7773556035684015,2,-1.206657108017157
2,1,0,1,2,-1.1843088502153543,-0.8590099405604715,-1.0025548554844799,1,-1.5559571827073173
0,2,1,1,5,0.3367600467847688,-0.5167749044806024,-0.21032003699086535,2,1.3548767730440159
0,2,0,1,2,-1.1650500334956406,0.5099302037590051,-0.5718522073027333,1,0.07410983251342891
2,1,1,1,1,0.03126234627009651,-1.54348001272021,-1.0727507141257466,2,1.5295268103890953
1,0,0,0,0,-1.2930645211031484,1.5366353119986127,-0.3985628569381699,0,-0.44984027952181066
0,2,0,1,5,1.2608056254737707,0.16769516767913598,0.9688678501052763,0,1.7041768477341757
0,2,0,1,4,-1.2228264836547813,-0.5167749044806024,-0.9161238012962374,1,-0.6244903168668905
2,1,1,1,4,0.362060845220471,0.8521652398388743,0.9164025339692595,2,-0.39162360040678423
2,1,0,1,1,-0.125451554488357,-1.54348001272021,-1.0904812566309965,0,-1.7306072200523972
1,0,0,1,0,-0.601257614622457,-1.54348001272021,-1.1443137471288638,0,-0.5080569586368376
0,2,1,0,0,1.297057515769702,0.8521652398388743,1.7626834639547806,1,-1.439523824477264
1,0,0,0,0,-1.645387579916732,0.8521652398388743,-0.9005721929301868,2,0.9473600192388287
1,0,0,0,2,-0.8482236172634898,1.5366353119986127,0.10472820501808194,2,-0.566273637751864
2,1,0,0,1,-1.7178913605085948,0.8521652398388743,-0.9661965622990155,1,1.4713101312740688
1,0,0,1,5,-0.8942937278479027,1.5366353119986127,0.05260468247252784,1,1.7041768477341757
0,2,0,0,4,-0.8025311305363262,0.16769516767913598,-0.43180228361066253,2,0.3069765489735357
0,2,0,0,2,1.0448047791271795,-1.2012449766403408,-0.602015491661062,0,0.3651932280885622
0,2,1,1,5,-0.38110290584612355,0.5099302037590051,0.049015849772670005,0,-1.1484404289021306
0,2,0,1,2,1.2170012580328537,-1.54348001272021,-0.9385967298691564,2,-0.1587568839466774
0,2,0,0,0,0.6720900320221342,1.5366353119986127,1.8248044490213668,2,1.4713101312740688
2,1,1,0,1,-1.6419889652014885,0.8521652398388743,-0.8974960506160228,2,-0.10054020483165095
0,2,0,1,5,0.8023702627731379,1.5366353119986127,1.9722029349083847,2,-0.7991403542119708
2,1,1,0,3,1.0568887425591562,-0.1745398684007332,0.4730107987415871,0,0.13232651162845588
1,0,1,0,0,0.08450731014224566,0.8521652398388743,0.6651842449792121,0,0.6562766236636954
2,1,0,0,1,1.3903306085102756,-0.1745398684007332,0.661638136478162,1,0.9473600192388287
1,0,1,1,0,-1.030615940314895,-0.1745398684007332,-0.7078860563068679,0,1.4130934521590424
1,0,0,1,0,-0.19720008736572123,0.16769516767913598,-0.020880939476941873,1,1.122010056583909
1,0,1,1,3,1.6422057212955492,0.8521652398388743,2.0750828056376425,1,-1.6141738618223438
2,1,1,1,1,0.19137486174379373,0.5099302037590051,0.5024050475213752,2,-1.1484404289021306
2,1,0,0,2,-0.3172844739709941,0.16769516767913598,-0.10239871080228381,0,1.0637933774688826
2,1,0,1,3,1.1301477708655177,0.5099302037590051,1.2458915551752539,0,-0.9737903915570507
0,2,0,1,2,-0.7791184513868706,1.1944002759187435,0.033207896213772486,2,-1.3813071453622374
2,1,0,0,0,-0.40904707128257045,1.1944002759187435,0.41003532969884393,1,0.3069765489735357
1,0,1,1,4,-0.3663755754134014,-0.5167749044806024,-0.5285298697115923,2,-1.0902237497871041
0,2,0,0,3,-1.0551614910360985,-0.1745398684007332,-0.721771420919413,1,-1.6141738618223438
0,2,1,1,2,-1.6669121397799411,0.5099302037590051,-0.9693154288119872,0,0.6562766236636954
2,1,1,0,3,0.09998988828946652,-1.2012449766403408,-0.8158073824954497,2,-0.566273637751864
2,1,0,0,4,0.8575033459315334,-0.5167749044806024,0.025346643633131705,0,0.5398432654336426
2,1,1,1,3,1.0927630089978386,1.5366353119986127,2.300752023740607,1,1.0637933774688826
1,0,1,0,3,1.027434081693712,-0.1745398684007332,0.45634836120653305,1,-0.21697356306170434
0,2,0,0,2,0.901307713372451,-1.2012449766403408,-0.6344858827550139,2,-0.44984027952181066
1,0,1,0,4,-0.25157792280961855,1.5366353119986127,0.7797705461818154,1,-1.6141738618223438
1,0,0,0,2,-1.0015389033067,-0.8590099405604715,-0.940519318815509,1,0.19054319074348233
2,1,1,0,0,0.017290263551873037,-0.5167749044806024,-0.3548987257565663,2,0.9473600192388287
0,2,1,0,4,1.4141209115169808,0.8521652398388743,1.868639476998202,0,-0.10054020483165095
0,2,0,1,1,-0.16359156407053477,0.8521652398388743,0.440625856045251,2,0.3651932280885622
0,2,0,0,2,1.6588211710145175,-0.8590099405604715,-0.03754337701199593,0,-0.6827069959819174
2,1,1,0,0,-0.7621253778106527,0.16769516767913598,-0.4043733479760349,0,-1.6723905409373707
2,1,0,1,5,-0.4841942188751784,-1.54348001272021,-1.1310692454984361,1,1.3548767730440159
0,2,1,0,1,1.47265260939062,-0.5167749044806024,0.30373752306495977,0,-0.10054020483165095
1,0,1,1,4,0.5021592962599557,-0.8590099405604715,-0.43013603985715704,2,1.0055766983538552
1,0,0,0,0,-1.1106721980517433,-0.8590099405604715,-0.9775611991818987,2,-0.39162360040678423
2,1,0,0,4,-0.7507966620931742,1.1944002759187435,0.062046730409058705,1,-1.0902237497871041
1,0,1,0,4,-1.484142192871287,0.16769516767913598,-0.8945053566994747,0,0.015893153398402464
2,1,0,0,4,-1.621597276910027,-1.2012449766403408,-1.2053666272252548,1,-1.0320070706720772
2,1,1,0,5,1.0372523019821935,0.5099302037590051,1.1723204848281685,1,-0.21697356306170434
2,1,0,0,5,-0.7723212219563835,0.16769516767913598,-0.41129466818290356,2,-0.2751902421767308
1,0,1,0,0,-1.581946771898852,-0.5167749044806024,-1.0786466535612274,2,1.1802267356989355
1,0,0,1,5,1.2324838361800743,-1.54348001272021,-0.9368450377180354,1,-1.0320070706720772
0,2,0,0,3,-0.6061667247666979,1.1944002759187435,0.20931704369965282,1,-0.10054020483165095
1,0,1,0,0,1.2302180930365785,1.1944002759187435,2.079227052922002,1,0.3651932280885622
1,0,1,1,5,-1.1465464644904255,-1.2012449766403408,-1.0978725430247513,2,0.13232651162845588
1,0,1,1,4,1.6709051344464951,0.16769516767913598,1.2472587295371045,2,0.07410983251342891
2,1,0,0,1,1.0451824029844283,-1.2012449766403408,-0.6019300432634465,1,1.4713101312740688
0,2,1,0,2,0.708719546175315,1.5366353119986127,1.8662469218649635,2,-1.0902237497871041
2,1,1,1,3,0.317501230065055,0.5099302037590051,0.6022942243340844,2,0.3651932280885622
1,0,1,0,4,0.28238221134087144,0.16769516767913598,0.30467745543873226,2,1.6459601686191492
2,1,0,1,4,1.1346792571525093,-0.8590099405604715,-0.2154469408478053,2,-1.0902237497871041
2,1,1,0,3,0.8767621626512472,0.5099302037590051,1.0452159933748708,2,0.3069765489735357
0,2,1,0,5,1.276665827478241,-0.1745398684007332,0.597338217272376,0,0.24875986985850929
0,2,0,0,3,1.3752256542203045,-0.8590099405604715,-0.13380099692603967,0,-1.6141738618223438
2,1,1,0,2,0.06109463099279005,0.16769516767913598,0.15445917243039764,2,-0.6244903168668905
0,2,1,1,2,0.4096414512338806,-0.5167749044806024,-0.17733695551121967,2,-0.04232352571662398
2,1,0,1,1,1.6671288958740018,1.1944002759187435,2.524114135107949,0,-0.21697356306170434
0,2,1,0,4,-0.3773266672736306,1.5366353119986127,0.6374989641517373,2,-0.7409236750969439
0,2,1,1,3,-0.18436087621924566,-0.1745398684007332,-0.2291614086651191,1,-0.9737903915570507
0,2,0,1,3,-1.7216675990810877,0.5099302037590051,-1.012680490601936,0,-1.6141738618223438
0,2,1,0,0,1.4428203246679263,0.5099302037590051,1.493521011465444,1,0.19054319074348233
2,1,0,1,0,1.0791685501368644,-1.2012449766403408,-0.5942396874780368,1,-0.9737903915570507
1,0,0,1,1,-0.07145134290170915,-1.54348001272021,-1.0843716962014767,2,-1.3230904662472105
2,1,0,1,4,-0.7500414143786756,-0.1745398684007332,-0.5491656577357749,2,0.5398432654336426
1,0,1,0,2,-1.1042525924785056,0.8521652398388743,-0.41078197779720954,2,1.122010056583909
1,0,0,1,3,-0.5952156329064686,-0.8590099405604715,-0.8026056050638297,2,1.3548767730440159
1,0,0,0,4,-1.275316199812432,-0.8590099405604715,-1.0334444512225418,2,-1.3230904662472105
1,0,0,0,2,0.271053495623393,-0.5167749044806024,-0.24005607936111586,2,1.0055766983538552
2,1,0,0,2,-1.3077918515358706,-0.5167749044806024,-0.9545755802232854,0,0.3651932280885622
1,0,0,1,4,0.38660639594167423,0.16769516767913598,0.37542872866450067,0,-0.7409236750969439
0,2,1,0,1,-0.4947676868781585,0.5099302037590051,-0.041004037115430304,0,-0.10054020483165095
2,1,0,1,2,-0.1956895919367241,1.1944002759187435,0.6272878806366656,0,-0.9155737124420238
1,0,1,1,0,-0.3644874561271548,0.16769516767913598,-0.13444185990815724,0,0.07410983251342891
2,1,1,0,4,-1.505666752734496,1.5366353119986127,-0.6391000962262596,0,0.4816265863186156
0,2,0,0,2,1.6233245284330848,1.1944002759187435,2.479510071552573,0,0.8309266610087758
2,1,0,1,1,1.3710717917905624,-1.54348001272021,-0.9211652567555614,0,1.6459601686191492
0,2,0,1,0,-1.3134562093946098,-1.2012449766403408,-1.1356407347708743,0,1.6459601686191492
0,2,1,0,1,-1.5169954684519749,-1.54348001272021,-1.2479199292378547,1,0.24875986985850929
2,1,0,1,0,1.5538417386992163,-0.8590099405604715,-0.07317535881772719,0,-0.1587568839466774
1,0,1,1,2,-0.8436921309764985,-1.2012449766403408,-1.0293429281369901,1,-0.33340692129175725
1,0,1,0,0,-0.6571459454953512,-1.2012449766403408,-0.9871314197148527,1,-0.6827069959819174
0,2,1,0,4,-0.8448250025482464,1.1944002759187435,-0.033698199119291145,2,0.13232651162845588
0,2,0,1,4,0.956818420388096,-0.8590099405604715,-0.2758162337632707,1,1.3548767730440159
0,2,1,0,3,-1.505666752734496,-0.8590099405604715,-1.111629735040873,0,1.4713101312740688
1,0,0,0,0,-0.7998877635355812,-0.1745398684007332,-0.5773636289489436,1,1.1802267356989355
1,0,0,0,2,1.093518256712337,1.5366353119986127,2.301606507716764,1,1.1802267356989355
1,0,0,1,4,-0.7085027900812543,0.5099302037590051,-0.2102773127920576,2,-0.1587568839466774
1,0,1,1,0,1.186036101738412,0.5099302037590051,1.2901538251401672,0,-0.8573570333269973
0,2,1,1,4,0.9216994016639121,-0.8590099405604715,-0.2877362852306556,0,-0.9155737124420238
2,1,1,1,1,1.1501618352997298,-1.2012449766403408,-0.5781753887262924,0,0.7144933027787219
1,0,0,1,1,-0.21721415179993342,-1.2012449766403408,-0.8875840364926061,1,0.015893153398402464
0,2,1,0,2,0.7170272710347992,-0.5167749044806024,-0.03822696419292126,0,0.8891433401238023
1,0,0,1,2,-1.0978329869052676,0.16769516767913598,-0.6322642244170066,2,-1.206657108017157
1,0,1,0,0,-1.1412597304889356,-1.54348001272021,-1.2054093514240625,1,-1.0902237497871041
1,0,1,0,2,0.4568444333900413,-1.54348001272021,-1.0246005420693207,1,-0.2751902421767308
2,1,0,1,2,0.14794811816012593,-0.5167749044806024,-0.2957684346065279,0,1.6459601686191492
0,2,1,1,3,0.0935702827162286,-0.5167749044806024,-0.3203775731198387,0,0.8309266610087758
0,2,0,0,5,1.5787649132776693,1.1944002759187435,2.434136972418656,2,0.24875986985850929
2,1,1,1,3,1.672415629875492,0.5099302037590051,1.6753552015915736,0,-0.5080569586368376
2,1,1,1,0,1.5368486651229987,0.5099302037590051,1.5679892899874934,0,-0.566273637751864
1,0,1,0,1,0.3035291473468315,-0.1745398684007332,0.04683691563347079,2,0.8891433401238023
1,0,1,0,3,-1.544939633888422,-1.2012449766403408,-1.1880206025092752,2,-1.5559571827073173
1,0,0,1,3,0.23895546775720364,0.8521652398388743,0.8049778234784356,1,-0.44984027952181066
2,1,0,1,0,1.0070423934022508,1.5366353119986127,2.20376809244683,2,-1.5559571827073173
1,0,0,1,3,0.7438385648994987,0.8521652398388743,1.2619558539269984,1,0.8309266610087758
0,2,1,0,2,0.03352808941359231,-0.1745398684007332,-0.10590209510452593,1,-1.439523824477264
1,0,1,0,5,0.7902862993411606,1.5366353119986127,1.9585311912898786,2,-0.566273637751864
0,2,1,1,0,0.08903879642923726,-1.2012449766403408,-0.8182853860263037,2,1.0637933774688826
1,0,1,1,1,-1.4418483208593669,1.5366353119986127,-0.5668962002410248,2,-0.21697356306170434
2,1,0,0,0,0.19930496274602874,-1.54348001272021,-1.0537384456562617,2,-0.6244903168668905
2,1,1,1,3,-0.5786001831874998,-1.54348001272021,-1.141750295200394,2,-0.44984027952181066
1,0,1,0,4,1.5749886747051762,1.5366353119986127,2.846340042516612,2,-1.4977405035922904
0,2,0,1,2,-0.899958085706642,-1.54348001272021,-1.1781085883858584,0,0.4234099072035891
0,2,1,1,4,0.3832077812264305,-1.54348001272021,-1.032931760836848,0,-1.6723905409373707
0,2,0,0,1,1.2336167077518223,0.5099302037590051,1.3278365684886742,0,-0.21697356306170434
